force_x,force_y,torque_z,stamp:
0.0,0.0,0.0,12189030000
0.0,0.0,0.0,12239029999
0.0,0.0,0.0,12289030000
0.0,0.0,0.0,12339029999
0.0,0.0,0.0,12389030000
0.0,0.0,0.0,12439030000
0.0,0.0,0.0,12489029999
0.0,0.0,0.0,12539030000
0.0,0.0,0.0,12589029999
0.0,0.0,0.0,12639030000
0.0,0.0,0.0,12689030000
0.0,0.0,0.0,12739029999
0.0,0.0,0.0,12789030000
0.0,0.0,0.0,12839029999
0.0,0.0,0.0,12889030000
0.0,0.0,0.0,12939030000
0.0,0.0,0.0,12989029999
0.0,0.0,0.0,13039030000
0.0,0.0,0.0,13089029999
0.0,0.0,0.0,13139030000
0.0,0.0,0.0,13189030000
0.0,0.0,0.0,13239029999
0.0,0.0,0.0,13289030000
0.0,0.0,0.0,13339029999
0.0,0.75,0.0,13389030000
0.0,0.75,0.0,13439030000
0.0,0.75,0.0,13489029999
0.0,0.75,0.0,13539030000
0.0,0.75,0.0,13589029999
0.0,0.75,0.0,13639030000
0.0,0.75,0.0,13689030000
0.0,0.75,0.0,13739029999
0.0,0.75,0.0,13789030000
0.0,0.75,0.0,13839029999
0.0,0.75,0.0,13889030000
0.0,0.75,0.0,13939030000
0.0,0.75,0.0,13989029999
0.0,0.75,0.0,14039030000
0.0,0.75,0.0,14089029999
0.0,0.75,0.0,14139030000
0.0,0.75,0.0,14189030000
0.0,0.75,0.0,14239029999
0.0,0.75,0.0,14289030000
0.0,0.75,0.0,14339029999
0.0,0.75,0.0,14389030000
0.0,0.75,0.0,14439030000
0.0,0.75,0.0,14489029999
0.0,0.75,0.0,14539030000
0.0,0.75,0.0,14589029999
0.0,0.75,0.0,14639030000
0.0,0.75,0.0,14689030000
0.0,0.75,0.0,14739029999
0.0,0.75,0.0,14789030000
0.0,0.75,0.0,14839029999
0.0,0.75,0.0,14889030000
0.0,0.75,0.0,14939030000
0.0,0.75,0.0,14989029999
0.0,0.75,0.0,15039030000
0.0,0.75,0.0,15089029999
0.0,0.75,0.0,15139030000
0.0,0.75,0.0,15189030000
0.0,0.75,0.0,15239029999
0.0,0.75,0.0,15289030000
0.0,0.75,0.0,15339029999
0.0,0.75,0.0,15389030000
0.0,0.75,0.0,15439030000
0.0,0.75,0.0,15489029999
0.0,0.75,0.0,15539030000
0.0,0.75,0.0,15589029999
0.0,0.0,0.0,15639030000
0.0,0.0,0.0,15689030000
0.0,0.0,0.0,15739029999
0.0,0.0,0.0,15789030000
0.0,-0.75,0.0,15839029999
0.0,-0.75,0.0,15889030000
0.0,-0.75,0.0,15939030000
0.0,-0.75,0.0,15989029999
0.0,-0.75,0.0,16039030000
0.0,-0.75,0.0,16089030000
0.0,-0.75,0.0,16139030000
0.0,-0.75,0.0,16189029999
0.0,-0.75,0.0,16239029999
0.0,-0.75,0.0,16289030000
0.0,-0.75,0.0,16339030000
0.0,-0.75,0.0,16389030000
0.0,-0.75,0.0,16439029999
0.0,-0.75,0.0,16489029999
0.0,-0.75,0.0,16539030000
0.0,-0.75,0.0,16589030000
0.0,-0.75,0.0,16639030000
0.0,-0.75,0.0,16689029999
0.0,-0.75,0.0,16739029999
0.0,-0.75,0.0,16789030000
0.0,-0.75,0.0,16839030000
0.0,-0.75,0.0,16889030000
0.0,-0.75,0.0,16939029999
0.0,-0.75,0.0,16989029999
0.0,-0.75,0.0,17039030000
0.0,-0.75,0.0,17089030000
0.0,-0.75,0.0,17139030000
0.0,-0.75,0.0,17189029999
0.0,-0.75,0.0,17239029999
0.0,-0.75,0.0,17289030000
0.0,-0.75,0.0,17339030000
0.0,-0.75,0.0,17389030000
0.0,-0.75,0.0,17439029999
0.0,-0.75,0.0,17489029999
0.0,-0.75,0.0,17539030000
0.0,-0.75,0.0,17589030000
0.0,-0.75,0.0,17639030000
0.0,-0.75,0.0,17689029999
0.0,-0.75,0.0,17739029999
0.0,-0.75,0.0,17789030000
0.0,-0.75,0.0,17839030000
0.0,-0.75,0.0,17889030000
0.0,-0.75,0.0,17939029999
0.0,-0.75,0.0,17989029999
0.0,-0.75,0.0,18039030000
0.0,-0.75,0.0,18089030000
0.0,-0.75,0.0,18139030000
0.0,-0.75,0.0,18189029999
0.0,-0.75,0.0,18239029999
0.0,-0.75,0.0,18289030000
0.0,-0.75,0.0,18339030000
0.0,-0.75,0.0,18389030000
0.0,-0.75,0.0,18439029999
0.0,0.0,0.0,18489029999
0.0,0.0,0.0,18539030000
0.0,0.0,0.0,18589030000
0.0,0.0,0.0,18639030000
0.0,0.0,0.0,18689029999
0.0,0.75,0.0,18739029999
0.0,0.75,0.0,18789030000
0.0,0.75,0.0,18839030000
0.0,0.75,0.0,18889030000
0.0,0.75,0.0,18939029999
0.0,0.75,0.0,18989029999
0.0,0.75,0.0,19039030000
0.0,0.75,0.0,19089030000
0.0,0.75,0.0,19139030000
0.0,0.75,0.0,19189029999
0.0,0.75,0.0,19239029999
0.0,0.75,0.0,19289030000
0.0,0.75,0.0,19339030000
0.0,0.75,0.0,19389030000
0.0,0.75,0.0,19439029999
0.0,0.75,0.0,19489029999
0.0,0.75,0.0,19539030000
0.0,0.75,0.0,19589030000
0.0,0.75,0.0,19639030000
0.0,0.75,0.0,19689029999
0.0,0.75,0.0,19739029999
0.0,0.75,0.0,19789030000
0.0,0.75,0.0,19839030000
0.0,0.75,0.0,19889030000
0.0,0.75,0.0,19939029999
0.0,0.75,0.0,19989029999
0.0,0.75,0.0,20039030000
0.0,0.75,0.0,20089030000
0.0,0.75,0.0,20139030000
0.0,0.0,0.0,20189029999
1.0,0.0,0.0,20239029999
1.0,0.0,0.0,20289030000
1.0,0.0,0.0,20339030000
1.0,0.0,0.0,20389030000
1.0,0.0,0.0,20439029999
1.0,-0.75,0.0,20489029999
1.0,-0.75,0.0,20539030000
1.0,-0.75,0.0,20589030000
1.0,-0.75,0.0,20639030000
1.0,-0.75,0.0,20689029999
1.0,-0.75,0.0,20739029999
1.0,-0.75,0.0,20789030000
1.0,-0.75,0.0,20839030000
1.0,-0.75,0.0,20889030000
1.0,-0.75,0.0,20939029999
1.0,-0.75,0.0,20989029999
1.0,-0.75,0.0,21039030000
1.0,-0.75,0.0,21089030000
1.0,-0.75,0.0,21139030000
1.0,-0.75,0.0,21189029999
1.0,-0.75,0.0,21239029999
1.0,-0.75,0.0,21289030000
1.0,-0.75,0.0,21339030000
1.0,-0.75,0.0,21389030000
1.0,-0.75,0.0,21439029999
1.0,-0.75,0.0,21489029999
1.0,-0.75,0.0,21539030000
1.0,-0.75,0.0,21589030000
1.0,-0.75,0.0,21639030000
1.0,-0.75,0.0,21689029999
1.0,0.0,0.0,21739029999
1.0,0.0,0.0,21789030000
1.0,0.0,0.0,21839030000
1.0,0.0,0.0,21889030000
1.0,0.0,0.0,21939029999
1.0,0.0,0.0,21989029999
1.0,0.0,0.0,22039030000
1.0,0.0,0.0,22089030000
1.0,0.0,0.0,22139030000
1.0,0.0,0.0,22189029999
1.0,0.0,0.0,22239029999
1.0,0.0,0.0,22289030000
1.0,0.0,0.0,22339030000
1.0,0.0,0.0,22389030000
1.0,0.0,0.0,22439029999
1.0,0.0,0.0,22489029999
1.0,0.0,0.0,22539030000
1.0,0.0,0.0,22589030000
1.0,0.0,0.0,22639030000
1.0,0.0,0.0,22689029999
1.0,0.0,0.0,22739029999
1.0,0.0,0.0,22789030000
1.0,0.0,0.0,22839030000
1.0,0.0,0.0,22889030000
1.0,0.0,0.0,22939029999
1.0,0.0,0.0,22989029999
1.0,0.0,0.0,23039030000
1.0,0.0,0.0,23089030000
1.0,0.0,0.0,23139030000
1.0,0.0,0.0,23189029999
1.0,0.0,0.0,23239029999
1.0,0.0,0.0,23289030000
1.0,0.0,0.0,23339030000
1.0,0.0,0.0,23389030000
1.0,0.0,0.0,23439029999
1.0,0.0,0.0,23489029999
1.0,0.0,0.0,23539030000
1.0,0.0,0.0,23589030000
1.0,0.0,0.0,23639030000
1.0,0.0,0.0,23689029999
0.0,0.0,0.0,23739029999
0.0,0.0,0.0,23789030000
0.0,0.0,0.0,23839030000
0.0,0.0,0.01,23889030000
0.0,0.0,0.01,23939029999
0.0,0.0,0.01,23989029999
0.0,0.0,0.01,24039030000
0.0,0.0,0.01,24089030000
0.0,0.0,0.01,24139030000
0.0,0.0,0.01,24189029999
0.0,0.0,0.01,24239029999
0.0,0.0,0.01,24289030000
0.0,0.0,0.01,24339030000
0.0,0.0,0.01,24389030000
0.0,0.0,0.01,24439029999
0.0,0.0,0.01,24489029999
1.0,0.0,0.01,24539030000
1.0,0.0,0.01,24589030000
1.0,0.0,0.01,24639030000
1.0,-0.75,0.01,24689029999
1.0,-0.75,0.01,24739029999
1.0,-0.75,0.01,24789030000
1.0,-0.75,0.01,24839030000
1.0,-0.75,0.01,24889030000
1.0,-0.75,0.01,24939029999
1.0,-0.75,0.01,24989029999
1.0,-0.75,0.01,25039030000
1.0,-0.75,0.01,25089030000
1.0,-0.75,0.01,25139030000
1.0,-0.75,0.01,25189029999
1.0,-0.75,0.01,25239029999
1.0,-0.75,0.01,25289030000
1.0,-0.75,0.01,25339030000
1.0,-0.75,0.01,25389030000
1.0,-0.75,0.01,25439029999
1.0,-0.75,0.01,25489029999
1.0,-0.75,0.01,25539030000
1.0,-0.75,0.01,25589030000
1.0,-0.75,0.01,25639030000
1.0,-0.75,0.01,25689029999
1.0,-0.75,0.01,25739029999
1.0,-0.75,0.01,25789030000
1.0,-0.75,0.01,25839030000
1.0,-0.75,0.01,25889030000
1.0,-0.75,0.01,25939029999
1.0,-0.75,0.01,25989029999
1.0,-0.75,0.01,26039030000
1.0,-0.75,0.01,26089030000
1.0,-0.75,0.01,26139030000
1.0,0.0,0.01,26189029999
1.0,0.0,0.01,26239029999
1.0,0.0,0.01,26289030000
1.0,0.75,0.01,26339030000
1.0,0.75,0.01,26389030000
1.0,0.75,0.01,26439029999
1.0,0.75,0.01,26489029999
1.0,0.75,0.01,26539030000
1.0,0.75,0.01,26589030000
1.0,0.75,0.01,26639030000
1.0,0.75,0.01,26689029999
1.0,0.75,0.01,26739029999
1.0,0.75,0.01,26789030000
1.0,0.75,0.01,26839030000
1.0,0.75,0.01,26889030000
1.0,0.75,0.01,26939029999
1.0,0.75,0.0,26989029999
1.0,0.75,0.0,27039030000
1.0,0.75,0.0,27089030000
1.0,0.75,0.0,27139030000
0.0,0.75,0.0,27189029999
0.0,0.75,0.0,27239029999
0.0,0.75,0.0,27289030000
0.0,0.75,0.0,27339030000
0.0,0.75,0.0,27389030000
0.0,0.75,0.0,27439029999
0.0,0.75,0.0,27489029999
0.0,0.75,0.0,27539030000
0.0,0.75,0.0,27589030000
0.0,0.75,0.0,27639030000
0.0,0.75,0.0,27689029999
-1.0,0.75,0.0,27739029999
-1.0,0.75,-0.01,27789030000
-1.0,0.75,-0.01,27839030000
-1.0,0.75,-0.01,27889030000
-1.0,0.75,-0.01,27939029999
-1.0,0.75,-0.01,27989029999
-1.0,0.75,-0.01,28039030000
-1.0,0.75,-0.01,28089030000
-1.0,0.75,-0.01,28139030000
0.0,0.75,-0.01,28189029999
0.0,0.75,-0.01,28239029999
0.0,0.75,-0.01,28289030000
0.0,0.75,-0.01,28339030000
0.0,0.75,-0.01,28389030000
0.0,0.75,-0.01,28439029999
0.0,0.75,-0.01,28489029999
0.0,0.75,-0.01,28539030000
0.0,0.75,-0.01,28589030000
0.0,0.75,-0.01,28639030000
0.0,0.75,-0.01,28689029999
1.0,0.75,-0.01,28739029999
1.0,0.75,0.0,28789030000
1.0,0.75,0.0,28839030000
1.0,0.75,0.0,28889030000
1.0,0.75,0.0,28939029999
1.0,0.75,0.0,28989029999
1.0,0.75,0.0,29039030000
1.0,0.75,0.0,29089030000
1.0,0.75,0.0,29139030000
1.0,0.75,-0.01,29189029999
1.0,0.75,-0.01,29239029999
1.0,0.75,-0.01,29289030000
1.0,0.75,-0.01,29339030000
1.0,0.75,-0.01,29389030000
1.0,0.75,-0.01,29439029999
1.0,0.75,-0.01,29489029999
1.0,0.75,-0.01,29539030000
1.0,0.75,-0.01,29589030000
1.0,0.75,-0.01,29639030000
1.0,0.75,-0.01,29689029999
1.0,0.75,-0.01,29739029999
1.0,0.75,-0.01,29789030000
1.0,0.75,-0.01,29839030000
1.0,0.75,-0.01,29889030000
1.0,0.75,-0.01,29939029999
1.0,0.75,-0.01,29989029999
1.0,0.75,-0.01,30039030000
1.0,0.75,-0.01,30089030000
1.0,0.75,-0.01,30139030000
0.0,0.75,-0.01,30189029999
0.0,0.75,-0.01,30239029999
0.0,0.75,-0.01,30289030000
0.0,0.75,-0.01,30339030000
0.0,0.75,-0.01,30389030000
0.0,0.75,-0.01,30439029999
0.0,0.75,-0.01,30489029999
0.0,0.75,-0.01,30539030000
0.0,0.75,-0.01,30589030000
-1.0,0.75,-0.01,30639030000
-1.0,0.75,-0.01,30689029999
-1.0,0.75,-0.01,30739029999
-1.0,0.75,-0.01,30789030000
-1.0,0.75,-0.01,30839030000
-1.0,0.75,-0.01,30889030000
-1.0,0.75,-0.01,30939029999
-1.0,0.75,-0.01,30989029999
-1.0,0.75,-0.01,31039030000
-1.0,0.75,-0.01,31089030000
-1.0,0.75,-0.01,31139030000
-1.0,0.75,-0.01,31189029999
-1.0,0.75,-0.01,31239029999
0.0,0.75,-0.01,31289030000
0.0,0.75,-0.01,31339030000
0.0,0.75,-0.01,31389030000
0.0,0.75,-0.01,31439029999
0.0,0.75,-0.01,31489029999
0.0,0.75,-0.01,31539030000
0.0,0.75,-0.01,31589030000
1.0,0.75,-0.01,31639030000
1.0,0.75,-0.01,31689029999
1.0,0.75,-0.01,31739029999
1.0,0.75,-0.01,31789030000
1.0,0.75,-0.01,31839030000
1.0,0.75,-0.01,31889030000
1.0,0.75,-0.01,31939029999
1.0,0.75,-0.01,31989029999
1.0,0.75,-0.01,32039029999
1.0,0.75,-0.01,32089030000
1.0,0.75,-0.01,32139029999
1.0,0.75,-0.01,32189030000
1.0,0.75,-0.01,32239029999
1.0,0.75,-0.01,32289029999
1.0,0.75,-0.01,32339030000
1.0,0.75,-0.01,32389029999
1.0,0.75,-0.01,32439030000
1.0,0.75,-0.01,32489029999
1.0,0.75,-0.01,32539029999
1.0,0.75,0.0,32589030000
1.0,0.75,0.0,32639029999
1.0,0.75,0.0,32689030000
1.0,0.75,0.0,32739029999
1.0,0.75,0.0,32789029999
0.0,0.75,0.0,32839030000
0.0,0.75,0.0,32889029999
0.0,0.75,0.0,32939030000
0.0,0.75,0.0,32989029999
0.0,0.75,0.0,33039029999
0.0,0.75,0.0,33089030000
0.0,0.75,0.0,33139029999
0.0,0.75,0.0,33189030000
0.0,0.75,0.0,33239029999
0.0,0.75,0.0,33289029999
0.0,0.75,0.0,33339030000
0.0,0.75,0.0,33389029999
0.0,0.75,0.0,33439030000
0.0,0.75,0.0,33489029999
0.0,0.75,0.0,33539029999
0.0,0.75,0.0,33589030000
0.0,0.75,0.0,33639029999
0.0,0.75,0.0,33689030000
0.0,0.75,0.0,33739029999
0.0,0.75,0.0,33789029999
0.0,0.75,0.0,33839030000
0.0,0.75,0.0,33889029999
0.0,0.75,0.0,33939030000
0.0,0.75,0.0,33989029999
0.0,0.75,0.0,34039029999
0.0,0.75,0.0,34089030000
0.0,0.75,0.0,34139029999
0.0,0.75,0.0,34189030000
0.0,0.0,0.0,34239029999
0.0,0.0,0.0,34289029999
0.0,0.0,0.0,34339030000
1.0,0.0,0.0,34389029999
1.0,0.0,0.0,34439030000
1.0,0.0,0.0,34489029999
1.0,0.0,0.0,34539029999
1.0,0.0,0.0,34589030000
1.0,0.0,0.0,34639029999
1.0,0.0,0.0,34689030000
1.0,0.0,0.0,34739029999
1.0,0.0,0.0,34789029999
1.0,0.0,0.0,34839030000
1.0,0.0,0.0,34889029999
1.0,0.0,0.0,34939030000
1.0,0.0,0.0,34989029999
1.0,0.0,0.0,35039029999
1.0,0.0,0.0,35089030000
1.0,-0.75,0.0,35139029999
1.0,-0.75,0.0,35189030000
1.0,-0.75,0.0,35239029999
1.0,-0.75,0.0,35289029999
1.0,-0.75,0.0,35339030000
1.0,-0.75,0.0,35389029999
1.0,-0.75,0.0,35439030000
1.0,-0.75,0.0,35489029999
1.0,-0.75,0.0,35539029999
1.0,-0.75,0.0,35589030000
1.0,0.0,0.0,35639029999
1.0,0.0,0.0,35689030000
1.0,0.0,0.0,35739029999
1.0,0.0,0.0,35789029999
1.0,0.0,0.0,35839030000
1.0,0.0,0.0,35889029999
1.0,0.0,0.0,35939030000
1.0,0.0,0.0,35989029999
1.0,0.0,0.0,36039029999
1.0,0.0,0.0,36089030000
1.0,0.75,0.0,36139029999
1.0,0.75,-0.01,36189030000
1.0,0.75,-0.01,36239029999
1.0,0.75,-0.01,36289029999
1.0,0.75,-0.01,36339030000
1.0,0.75,-0.01,36389029999
1.0,0.75,-0.01,36439030000
1.0,0.75,-0.01,36489029999
1.0,0.75,-0.01,36539029999
1.0,0.75,-0.01,36589030000
1.0,0.75,-0.01,36639029999
1.0,0.75,-0.01,36689030000
1.0,0.75,-0.01,36739029999
1.0,0.75,-0.01,36789029999
1.0,0.75,-0.01,36839030000
1.0,0.75,-0.01,36889029999
1.0,0.75,-0.01,36939030000
1.0,0.75,-0.01,36989029999
1.0,0.75,-0.01,37039029999
1.0,0.75,-0.01,37089030000
1.0,0.75,-0.01,37139029999
1.0,0.75,0.0,37189030000
0.0,0.75,0.0,37239029999
0.0,0.75,0.0,37289029999
0.0,0.75,0.0,37339030000
0.0,0.75,0.0,37389029999
0.0,0.75,0.0,37439030000
0.0,0.75,0.0,37489029999
0.0,0.75,0.0,37539029999
0.0,0.75,0.0,37589030000
0.0,0.75,0.0,37639029999
0.0,0.75,0.0,37689030000
0.0,0.75,0.0,37739029999
0.0,0.75,0.0,37789029999
0.0,0.75,0.0,37839030000
0.0,0.75,0.0,37889029999
0.0,0.75,0.0,37939030000
0.0,0.75,0.0,37989029999
0.0,0.75,0.0,38039029999
0.0,0.75,0.0,38089030000
0.0,0.75,0.0,38139029999
0.0,0.75,0.0,38189030000
0.0,0.75,0.0,38239029999
0.0,0.75,0.0,38289029999
0.0,0.0,0.0,38339030000
0.0,0.0,0.0,38389029999
0.0,0.0,0.0,38439030000
0.0,0.0,0.0,38489029999
0.0,0.0,0.0,38539029999
0.0,0.0,0.0,38589030000
0.0,0.0,0.0,38639029999
0.0,0.0,0.0,38689030000
1.0,0.0,0.0,38739029999
1.0,0.0,0.0,38789029999
1.0,0.0,0.0,38839030000
1.0,0.0,0.0,38889029999
1.0,0.0,0.0,38939030000
1.0,-0.75,0.0,38989029999
1.0,-0.75,0.0,39039029999
1.0,-0.75,0.0,39089030000
1.0,-0.75,0.0,39139029999
1.0,-0.75,0.0,39189030000
1.0,-0.75,0.0,39239029999
1.0,-0.75,0.0,39289029999
1.0,-0.75,0.0,39339030000
1.0,-0.75,0.0,39389029999
1.0,-0.75,0.0,39439030000
1.0,-0.75,0.0,39489029999
1.0,-0.75,0.0,39539029999
1.0,-0.75,0.0,39589030000
1.0,-0.75,0.0,39639029999
1.0,-0.75,0.0,39689030000
1.0,-0.75,0.0,39739029999
1.0,-0.75,0.0,39789029999
1.0,-0.75,0.0,39839030000
1.0,-0.75,0.0,39889029999
1.0,-0.75,0.0,39939030000
1.0,0.0,0.0,39989029999
1.0,0.0,0.0,40039029999
1.0,0.0,0.0,40089030000
1.0,0.0,0.0,40139029999
1.0,0.0,0.0,40189030000
1.0,0.0,0.0,40239029999
1.0,0.0,0.0,40289029999
1.0,0.0,0.0,40339030000
1.0,0.0,0.0,40389029999
1.0,0.0,0.0,40439030000
1.0,0.0,0.0,40489029999
1.0,0.0,0.0,40539029999
1.0,0.0,0.0,40589030000
1.0,0.0,0.0,40639029999
1.0,0.0,0.0,40689030000
1.0,0.0,0.0,40739029999
1.0,0.0,-0.01,40789029999
1.0,0.0,-0.01,40839030000
1.0,0.0,-0.01,40889029999
1.0,0.0,-0.01,40939030000
1.0,0.0,-0.01,40989029999
1.0,0.0,-0.01,41039029999
1.0,0.0,-0.01,41089030000
1.0,0.0,-0.01,41139029999
1.0,0.0,-0.01,41189030000
1.0,0.0,-0.01,41239029999
1.0,0.0,-0.01,41289029999
0.0,0.0,-0.01,41339030000
0.0,0.0,-0.01,41389029999
0.0,0.0,-0.01,41439030000
0.0,0.0,-0.01,41489029999
0.0,0.0,-0.01,41539029999
0.0,0.0,-0.01,41589030000
0.0,0.0,-0.01,41639029999
0.0,0.0,-0.01,41689030000
0.0,0.0,-0.01,41739029999
-1.0,0.0,-0.01,41789029999
-1.0,0.0,-0.01,41839030000
-1.0,0.0,-0.01,41889029999
-1.0,0.0,-0.01,41939030000
-1.0,0.0,-0.01,41989029999
-1.0,0.0,-0.01,42039029999
-1.0,0.0,-0.01,42089030000
-1.0,0.0,-0.01,42139029999
0.0,0.0,-0.01,42189030000
0.0,0.0,-0.01,42239029999
0.0,0.0,-0.01,42289029999
1.0,0.0,-0.01,42339030000
1.0,0.0,-0.01,42389029999
1.0,0.0,-0.01,42439030000
1.0,0.0,-0.01,42489029999
1.0,0.75,-0.01,42539029999
1.0,0.75,-0.01,42589030000
1.0,0.75,-0.01,42639029999
1.0,0.75,-0.01,42689030000
1.0,0.75,-0.01,42739029999
1.0,0.75,-0.01,42789029999
1.0,0.75,-0.01,42839030000
1.0,0.75,-0.01,42889029999
1.0,0.75,-0.01,42939030000
1.0,0.75,-0.01,42989029999
1.0,0.75,-0.01,43039029999
1.0,0.75,-0.01,43089030000
1.0,0.75,-0.01,43139029999
1.0,0.75,-0.01,43189030000
1.0,0.75,-0.01,43239029999
1.0,0.0,-0.01,43289029999
1.0,0.0,-0.01,43339030000
1.0,0.0,-0.01,43389029999
1.0,0.0,-0.01,43439030000
1.0,0.0,-0.01,43489029999
1.0,-0.75,-0.01,43539029999
1.0,-0.75,-0.01,43589030000
1.0,-0.75,-0.01,43639029999
1.0,-0.75,-0.01,43689030000
1.0,-0.75,-0.01,43739029999
1.0,-0.75,-0.01,43789029999
0.0,-0.75,-0.01,43839030000
0.0,-0.75,-0.01,43889029999
0.0,-0.75,-0.01,43939030000
0.0,-0.75,-0.01,43989029999
0.0,-0.75,-0.01,44039029999
0.0,-0.75,-0.01,44089030000
0.0,-0.75,-0.01,44139029999
0.0,-0.75,0.0,44189030000
0.0,-0.75,0.0,44239029999
0.0,-0.75,0.0,44289029999
0.0,-0.75,0.0,44339030000
0.0,-0.75,0.0,44389029999
0.0,-0.75,0.0,44439030000
0.0,-0.75,0.0,44489029999
0.0,-0.75,0.0,44539029999
0.0,-0.75,0.0,44589030000
0.0,-0.75,0.0,44639029999
0.0,-0.75,0.01,44689030000
0.0,-0.75,0.01,44739029999
0.0,-0.75,0.01,44789029999
0.0,-0.75,0.01,44839030000
0.0,-0.75,0.01,44889029999
0.0,-0.75,0.01,44939030000
0.0,-0.75,0.01,44989029999
0.0,-0.75,0.01,45039029999
0.0,-0.75,0.01,45089030000
0.0,-0.75,0.01,45139029999
1.0,-0.75,0.01,45189030000
1.0,-0.75,0.01,45239029999
1.0,-0.75,0.01,45289029999
1.0,-0.75,0.01,45339030000
1.0,-0.75,0.01,45389029999
1.0,-0.75,0.01,45439030000
1.0,-0.75,0.01,45489029999
1.0,-0.75,0.01,45539029999
1.0,-0.75,0.01,45589030000
1.0,-0.75,0.01,45639029999
1.0,-0.75,0.01,45689030000
1.0,-0.75,0.01,45739029999
1.0,-0.75,0.01,45789029999
1.0,-0.75,0.01,45839030000
1.0,-0.75,0.01,45889029999
1.0,-0.75,0.01,45939030000
1.0,-0.75,0.01,45989029999
1.0,-0.75,0.01,46039029999
1.0,-0.75,0.01,46089030000
1.0,-0.75,0.01,46139029999
1.0,-0.75,0.01,46189030000
1.0,-0.75,0.01,46239029999
1.0,-0.75,0.01,46289029999
1.0,-0.75,0.01,46339030000
1.0,-0.75,0.01,46389029999
1.0,-0.75,0.01,46439030000
1.0,-0.75,0.01,46489029999
1.0,-0.75,0.01,46539029999
1.0,-0.75,0.01,46589030000
1.0,-0.75,0.01,46639029999
1.0,-0.75,0.01,46689030000
1.0,-0.75,0.01,46739029999
1.0,-0.75,0.01,46789029999
1.0,-0.75,0.01,46839030000
1.0,-0.75,0.01,46889029999
1.0,-0.75,0.01,46939030000
1.0,-0.75,0.01,46989029999
1.0,-0.75,0.01,47039029999
1.0,-0.75,0.01,47089030000
1.0,-0.75,0.01,47139029999
1.0,-0.75,0.01,47189030000
1.0,-0.75,0.01,47239029999
1.0,-0.75,0.01,47289029999
1.0,0.0,0.01,47339030000
1.0,0.0,0.01,47389029999
1.0,0.0,0.01,47439030000
1.0,0.0,0.01,47489029999
1.0,0.0,0.01,47539029999
1.0,0.0,0.01,47589030000
1.0,0.0,0.01,47639029999
1.0,0.0,0.01,47689030000
0.0,0.0,0.01,47739029999
0.0,0.0,0.01,47789029999
0.0,0.0,0.01,47839030000
0.0,0.0,0.01,47889029999
0.0,0.0,0.01,47939030000
0.0,0.0,0.01,47989029999
0.0,0.0,0.01,48039029999
0.0,0.0,0.01,48089030000
0.0,0.0,0.01,48139029999
0.0,0.0,0.01,48189030000
0.0,0.0,0.01,48239029999
0.0,0.0,0.01,48289029999
0.0,0.0,0.01,48339030000
0.0,0.0,0.01,48389029999
0.0,0.0,0.01,48439030000
0.0,0.0,0.01,48489029999
0.0,0.0,0.01,48539029999
0.0,0.0,0.01,48589030000
0.0,0.0,0.01,48639029999
1.0,0.0,0.01,48689030000
1.0,0.0,0.01,48739029999
1.0,0.0,0.01,48789029999
1.0,0.0,0.01,48839030000
1.0,0.0,0.01,48889029999
1.0,0.0,0.01,48939030000
1.0,0.0,0.01,48989029999
1.0,0.0,0.01,49039029999
1.0,0.0,0.01,49089030000
1.0,0.0,0.01,49139029999
1.0,0.0,0.01,49189030000
1.0,0.0,0.01,49239029999
1.0,0.0,0.01,49289029999
1.0,0.0,0.01,49339030000
1.0,0.0,0.01,49389029999
1.0,0.0,0.01,49439030000
1.0,0.0,0.01,49489029999
1.0,0.0,0.01,49539029999
1.0,0.0,0.01,49589030000
1.0,0.0,0.01,49639029999
1.0,0.0,0.01,49689030000
1.0,0.0,0.01,49739029999
1.0,0.0,0.01,49789029999
1.0,0.0,0.01,49839030000
1.0,0.0,0.01,49889029999
1.0,0.0,0.01,49939030000
1.0,0.0,0.01,49989029999
1.0,0.0,0.01,50039029999
1.0,0.0,0.01,50089030000
1.0,0.0,0.01,50139029999
1.0,0.0,0.01,50189030000
1.0,0.0,0.01,50239029999
1.0,0.0,0.0,50289029999
1.0,0.0,0.0,50339030000
1.0,0.0,0.0,50389029999
1.0,0.0,0.0,50439030000
1.0,0.0,0.0,50489029999
1.0,0.0,0.0,50539029999
1.0,0.0,0.0,50589030000
1.0,0.0,0.0,50639029999
1.0,0.0,0.0,50689030000
1.0,0.0,0.0,50739029999
1.0,0.0,0.0,50789029999
1.0,0.0,0.0,50839030000
1.0,0.0,0.0,50889029999
1.0,0.0,-0.01,50939030000
1.0,0.0,-0.01,50989029999
1.0,0.0,-0.01,51039029999
1.0,0.0,-0.01,51089030000
1.0,0.0,-0.01,51139029999
1.0,0.0,-0.01,51189030000
1.0,0.0,-0.01,51239029999
1.0,0.0,-0.01,51289029999
1.0,0.0,-0.01,51339030000
1.0,0.0,-0.01,51389029999
1.0,0.0,-0.01,51439030000
1.0,0.0,-0.01,51489029999
1.0,0.0,-0.01,51539029999
1.0,0.0,-0.01,51589030000
1.0,0.0,-0.01,51639029999
1.0,0.0,-0.01,51689030000
1.0,0.0,-0.01,51739029999
1.0,0.0,-0.01,51789029999
1.0,0.0,-0.01,51839030000
1.0,0.0,-0.01,51889029999
1.0,0.0,0.0,51939030000
1.0,0.0,0.0,51989029999
1.0,0.0,0.01,52039029999
1.0,0.0,0.01,52089030000
1.0,0.0,0.01,52139029999
1.0,0.0,0.01,52189030000
1.0,0.0,0.01,52239029999
1.0,0.0,0.01,52289029999
1.0,0.0,0.01,52339030000
0.0,0.0,0.01,52389029999
0.0,0.0,0.01,52439030000
0.0,0.0,0.01,52489029999
0.0,0.0,0.01,52539029999
0.0,0.0,0.01,52589030000
0.0,0.0,0.01,52639029999
0.0,0.0,0.01,52689030000
0.0,0.0,0.01,52739029999
0.0,0.0,0.01,52789029999
0.0,0.0,0.01,52839030000
0.0,0.0,0.01,52889029999
0.0,0.0,0.01,52939030000
0.0,0.0,0.01,52989029999
0.0,0.0,0.0,53039029999
0.0,0.0,0.0,53089030000
0.0,0.0,0.0,53139029999
0.0,0.0,0.0,53189030000
0.0,0.0,0.0,53239029999
0.0,0.0,0.0,53289029999
0.0,0.0,0.0,53339030000
0.0,0.0,0.0,53389029999
0.0,0.0,0.0,53439030000
0.0,0.0,0.0,53489029999
0.0,0.0,0.0,53539029999
0.0,0.0,0.0,53589030000
0.0,0.0,0.0,53639029999
0.0,0.0,0.0,53689030000
0.0,0.0,0.0,53739029999
0.0,0.0,0.0,53789029999
0.0,0.0,0.0,53839030000
0.0,0.0,0.0,53889029999
0.0,0.0,0.0,53939030000
0.0,0.0,0.0,53989029999
1.0,0.0,0.0,54039029999
1.0,0.0,0.0,54089030000
1.0,0.0,0.0,54139029999
1.0,0.0,0.0,54189030000
1.0,0.0,0.0,54239029999
1.0,0.0,0.0,54289029999
1.0,0.0,0.0,54339030000
1.0,0.0,0.0,54389029999
1.0,0.0,0.0,54439030000
1.0,0.0,0.0,54489029999
1.0,0.0,0.0,54539029999
1.0,0.0,0.0,54589030000
1.0,0.0,0.0,54639029999
1.0,0.0,0.0,54689030000
1.0,0.0,0.0,54739029999
1.0,0.0,0.0,54789029999
1.0,0.0,0.0,54839030000
1.0,0.0,0.0,54889029999
1.0,0.0,0.0,54939030000
1.0,0.0,0.0,54989029999
1.0,0.0,0.0,55039029999
1.0,0.0,0.0,55089030000
1.0,0.0,0.0,55139029999
1.0,0.0,0.0,55189030000
1.0,0.0,0.0,55239029999
1.0,0.0,0.0,55289029999
1.0,0.0,0.0,55339030000
1.0,0.0,0.0,55389029999
1.0,0.0,0.0,55439030000
1.0,0.0,0.0,55489029999
1.0,0.0,0.0,55539029999
1.0,0.0,0.0,55589030000
1.0,0.0,0.0,55639029999
1.0,0.0,-0.01,55689030000
1.0,0.0,-0.01,55739029999
1.0,0.0,-0.01,55789029999
1.0,0.0,-0.01,55839030000
1.0,0.0,-0.01,55889029999
1.0,0.0,-0.01,55939030000
1.0,0.0,-0.01,55989029999
1.0,0.0,-0.01,56039029999
1.0,0.0,-0.01,56089030000
1.0,0.0,-0.01,56139029999
1.0,0.0,-0.01,56189030000
1.0,0.0,-0.01,56239029999
1.0,0.0,-0.01,56289029999
1.0,0.0,-0.01,56339030000
1.0,0.0,-0.01,56389029999
0.0,0.0,-0.01,56439030000
0.0,0.0,-0.01,56489029999
0.0,0.0,-0.01,56539029999
0.0,0.0,-0.01,56589030000
0.0,0.0,-0.01,56639029999
0.0,0.0,-0.01,56689030000
0.0,0.0,-0.01,56739029999
0.0,0.0,-0.01,56789029999
0.0,0.0,-0.01,56839030000
0.0,0.0,-0.01,56889029999
0.0,0.0,-0.01,56939030000
0.0,0.0,-0.01,56989029999
0.0,0.0,-0.01,57039029999
0.0,0.0,-0.01,57089030000
0.0,0.0,-0.01,57139029999
0.0,0.0,-0.01,57189030000
0.0,0.0,-0.01,57239029999
0.0,0.0,-0.01,57289029999
1.0,0.0,-0.01,57339030000
1.0,0.0,-0.01,57389029999
1.0,0.0,-0.01,57439030000
1.0,0.0,-0.01,57489029999
1.0,0.0,-0.01,57539029999
1.0,0.0,-0.01,57589030000
1.0,0.0,-0.01,57639029999
1.0,0.0,-0.01,57689030000
1.0,0.0,-0.01,57739029999
1.0,0.0,-0.01,57789029999
1.0,0.0,-0.01,57839030000
1.0,0.0,-0.01,57889029999
1.0,0.0,0.0,57939030000
1.0,0.0,0.0,57989029999
1.0,0.0,0.0,58039029999
1.0,0.0,0.0,58089030000
1.0,0.0,0.0,58139029999
1.0,0.0,0.0,58189030000
1.0,0.0,0.0,58239029999
1.0,0.0,0.0,58289029999
0.0,0.0,0.0,58339030000
0.0,0.0,0.0,58389029999
0.0,0.0,0.0,58439030000
0.0,0.0,0.0,58489029999
1.0,0.0,0.0,58539029999
1.0,0.0,0.0,58589030000
1.0,0.0,0.0,58639029999
1.0,0.0,0.0,58689030000
1.0,0.0,0.0,58739029999
1.0,0.0,0.0,58789029999
1.0,0.0,0.0,58839030000
1.0,0.0,0.0,58889029999
1.0,0.0,0.0,58939030000
1.0,0.0,0.0,58989029999
1.0,0.0,0.0,59039029999
1.0,0.0,0.0,59089030000
1.0,0.0,0.0,59139029999
1.0,0.0,0.0,59189030000
1.0,0.0,0.0,59239029999
1.0,0.0,0.0,59289029999
1.0,0.0,0.01,59339030000
1.0,0.0,0.01,59389029999
1.0,0.0,0.01,59439030000
1.0,0.0,0.01,59489029999
0.0,0.0,0.01,59539029999
0.0,0.0,0.01,59589030000
0.0,0.0,0.01,59639029999
0.0,0.0,0.01,59689030000
0.0,0.0,0.01,59739029999
0.0,0.0,0.01,59789029999
0.0,0.0,0.01,59839030000
0.0,0.0,0.01,59889029999
0.0,0.0,0.01,59939030000
0.0,0.0,0.01,59989029999
0.0,0.0,0.01,60039029999
0.0,0.0,0.01,60089030000
0.0,0.0,0.01,60139029999
0.0,0.0,0.01,60189030000
0.0,0.0,0.01,60239029999
0.0,0.0,0.01,60289029999
0.0,0.0,0.01,60339030000
0.0,0.0,0.01,60389029999
0.0,0.0,0.01,60439030000
0.0,0.0,0.01,60489029999
0.0,0.0,0.01,60539029999
0.0,0.0,0.01,60589030000
0.0,0.0,0.01,60639029999
0.0,0.0,0.01,60689030000
0.0,0.0,0.01,60739029999
0.0,0.0,0.01,60789029999
0.0,0.0,0.01,60839030000
0.0,0.0,0.01,60889029999
0.0,0.0,0.01,60939030000
0.0,0.0,0.01,60989029999
0.0,0.0,0.01,61039029999
0.0,0.0,0.01,61089030000
0.0,0.0,0.01,61139029999
0.0,0.0,0.01,61189030000
0.0,0.0,0.01,61239029999
0.0,0.0,0.01,61289029999
1.0,0.0,0.01,61339030000
1.0,0.0,0.01,61389029999
1.0,0.0,0.01,61439030000
1.0,0.0,0.01,61489029999
1.0,0.0,0.01,61539029999
1.0,0.0,0.01,61589030000
1.0,0.0,0.01,61639029999
1.0,0.0,0.01,61689030000
1.0,0.0,0.01,61739029999
1.0,0.0,0.01,61789029999
1.0,0.0,0.01,61839030000
1.0,0.0,0.01,61889029999
1.0,0.0,0.01,61939030000
1.0,0.0,0.01,61989029999
1.0,0.0,0.01,62039029999
1.0,0.0,0.01,62089030000
1.0,0.0,0.0,62139029999
1.0,0.0,0.0,62189030000
1.0,0.0,0.0,62239029999
1.0,0.0,0.0,62289029999
1.0,0.0,0.0,62339030000
1.0,0.0,0.0,62389029999
1.0,0.0,0.0,62439030000
1.0,0.0,0.0,62489029999
1.0,0.0,0.0,62539029999
1.0,0.0,0.0,62589030000
1.0,0.0,0.0,62639029999
1.0,0.0,0.0,62689030000
1.0,0.0,0.0,62739029999
1.0,0.0,0.0,62789029999
1.0,0.0,0.0,62839030000
1.0,0.0,0.0,62889029999
1.0,0.0,0.0,62939030000
1.0,0.0,0.0,62989029999
1.0,0.0,0.0,63039029999
1.0,0.0,0.0,63089030000
1.0,0.0,0.0,63139029999
1.0,0.0,0.0,63189030000
1.0,0.0,0.0,63239029999
1.0,0.0,0.0,63289029999
1.0,0.0,0.0,63339030000
1.0,0.0,0.0,63389029999
1.0,0.0,0.0,63439030000
1.0,0.0,0.0,63489029999
1.0,0.0,0.0,63539029999
1.0,0.0,0.0,63589030000
1.0,0.0,0.0,63639029999
1.0,0.0,0.0,63689030000
1.0,0.0,0.0,63739029999
1.0,0.0,0.0,63789029999
1.0,0.0,0.0,63839030000
1.0,0.0,0.0,63889029999
1.0,0.0,0.0,63939030000
1.0,0.0,0.0,63989029999
1.0,0.0,0.0,64039029999
1.0,0.0,0.0,64089039999
1.0,0.0,0.0,64139030000
1.0,0.0,0.0,64189030000
1.0,0.0,0.0,64239029999
1.0,0.0,0.0,64289029999
0.0,0.0,0.0,64339039999
0.0,0.0,0.0,64389030000
0.0,0.0,-0.01,64439030000
0.0,0.0,-0.01,64489029999
0.0,0.0,-0.01,64539029999
0.0,0.0,-0.01,64589039999
0.0,0.0,-0.01,64639030000
0.0,0.0,-0.01,64689030000
0.0,0.0,-0.01,64739029999
0.0,0.75,-0.01,64789029999
0.0,0.75,-0.01,64839039999
0.0,0.75,-0.01,64889030000
0.0,0.75,-0.01,64939030000
0.0,0.75,-0.01,64989029999
0.0,0.75,-0.01,65039029999
0.0,0.75,-0.01,65089039999
0.0,0.75,-0.01,65139030000
0.0,0.75,-0.01,65189030000
0.0,0.75,-0.01,65239029999
0.0,0.75,-0.01,65289029999
0.0,0.75,-0.01,65339039999
0.0,0.75,-0.01,65389030000
0.0,0.75,0.0,65439030000
0.0,0.75,0.0,65489029999
0.0,0.75,0.0,65539029999
0.0,0.75,0.0,65589039999
0.0,0.75,0.0,65639030000
0.0,0.75,0.0,65689030000
0.0,0.75,0.0,65739029999
0.0,0.0,0.0,65789029999
0.0,0.0,0.0,65839039999
0.0,0.0,0.0,65889030000
0.0,0.0,0.0,65939030000
0.0,0.0,0.0,65989029999
0.0,0.0,0.0,66039029999
0.0,0.0,0.0,66089039999
0.0,0.0,0.0,66139030000
1.0,0.0,0.0,66189030000
1.0,0.0,0.0,66239029999
1.0,0.0,0.0,66289029999
1.0,0.0,0.0,66339039999
1.0,0.0,0.0,66389030000
1.0,-0.75,0.0,66439030000
1.0,-0.75,0.0,66489029999
1.0,-0.75,0.0,66539029999
1.0,-0.75,0.0,66589039999
1.0,-0.75,0.0,66639030000
1.0,-0.75,0.0,66689030000
1.0,-0.75,0.0,66739029999
1.0,-0.75,0.0,66789029999
1.0,-0.75,0.0,66839039999
1.0,-0.75,0.0,66889030000
1.0,-0.75,0.0,66939030000
1.0,-0.75,0.0,66989029999
1.0,-0.75,0.0,67039029999
1.0,-0.75,0.0,67089039999
1.0,-0.75,0.0,67139030000
1.0,-0.75,0.0,67189030000
1.0,-0.75,0.0,67239029999
1.0,-0.75,0.0,67289029999
1.0,-0.75,0.0,67339039999
1.0,0.0,0.0,67389030000
1.0,0.75,0.0,67439030000
1.0,0.75,0.0,67489029999
1.0,0.75,0.0,67539029999
1.0,0.75,0.0,67589039999
1.0,0.75,0.0,67639030000
1.0,0.75,0.0,67689030000
1.0,0.75,0.0,67739029999
1.0,0.75,0.0,67789029999
1.0,0.75,0.0,67839039999
1.0,0.75,0.0,67889030000
1.0,0.75,0.0,67939030000
1.0,0.75,0.0,67989029999
1.0,0.75,0.0,68039029999
1.0,0.75,0.0,68089039999
1.0,0.75,0.0,68139030000
1.0,0.75,0.0,68189030000
1.0,0.75,0.0,68239029999
1.0,0.75,0.0,68289029999
0.0,0.75,0.0,68339039999
0.0,0.0,0.0,68389030000
0.0,-0.75,0.0,68439030000
0.0,-0.75,0.0,68489029999
0.0,-0.75,0.0,68539029999
0.0,-0.75,0.0,68589039999
0.0,-0.75,0.0,68639030000
0.0,-0.75,0.0,68689030000
0.0,-0.75,0.0,68739029999
0.0,-0.75,0.0,68789029999
0.0,-0.75,0.0,68839039999
0.0,-0.75,0.0,68889030000
0.0,-0.75,0.0,68939030000
0.0,-0.75,0.0,68989029999
0.0,-0.75,0.0,69039029999
0.0,-0.75,0.0,69089039999
1.0,-0.75,0.0,69139030000
1.0,0.0,0.0,69189030000
1.0,0.0,0.0,69239029999
1.0,0.0,0.0,69289029999
1.0,0.0,0.0,69339039999
1.0,0.0,0.0,69389030000
1.0,0.75,0.0,69439030000
1.0,0.75,0.0,69489029999
1.0,0.75,-0.01,69539029999
1.0,0.75,-0.01,69589039999
1.0,0.75,-0.01,69639030000
1.0,0.75,-0.01,69689030000
1.0,0.75,-0.01,69739029999
1.0,0.75,-0.01,69789029999
1.0,0.75,-0.01,69839039999
1.0,0.75,-0.01,69889030000
1.0,0.75,-0.01,69939030000
1.0,0.75,-0.01,69989029999
1.0,0.75,-0.01,70039029999
1.0,0.75,-0.01,70089039999
1.0,0.75,-0.01,70139030000
1.0,0.75,-0.01,70189030000
1.0,0.75,-0.01,70239029999
1.0,0.75,-0.01,70289029999
1.0,0.75,-0.01,70339039999
1.0,0.75,-0.01,70389030000
1.0,0.75,-0.01,70439030000
1.0,0.75,-0.01,70489029999
1.0,0.75,-0.01,70539029999
1.0,0.75,-0.01,70589039999
1.0,0.75,-0.01,70639030000
1.0,0.0,-0.01,70689030000
1.0,0.0,-0.01,70739029999
1.0,0.0,-0.01,70789029999
1.0,0.0,-0.01,70839039999
1.0,0.0,-0.01,70889030000
1.0,0.0,-0.01,70939030000
0.0,0.0,-0.01,70989029999
0.0,0.0,-0.01,71039029999
0.0,0.0,-0.01,71089039999
0.0,0.0,-0.01,71139030000
0.0,0.0,-0.01,71189030000
0.0,0.0,-0.01,71239029999
0.0,0.0,-0.01,71289029999
-1.0,0.0,-0.01,71339039999
-1.0,0.0,-0.01,71389030000
-1.0,0.0,-0.01,71439030000
-1.0,0.0,-0.01,71489029999
-1.0,0.0,-0.01,71539029999
-1.0,0.0,-0.01,71589039999
-1.0,0.0,-0.01,71639030000
-1.0,0.0,-0.01,71689030000
-1.0,0.0,-0.01,71739029999
-1.0,0.0,-0.01,71789029999
-1.0,0.0,-0.01,71839039999
-1.0,0.0,-0.01,71889030000
0.0,0.0,-0.01,71939030000
0.0,0.0,-0.01,71989029999
0.0,0.0,-0.01,72039029999
0.0,0.0,-0.01,72089039999
0.0,0.0,-0.01,72139030000
0.0,0.0,-0.01,72189030000
0.0,0.0,-0.01,72239029999
0.0,0.0,-0.01,72289029999
0.0,0.0,-0.01,72339039999
0.0,0.0,-0.01,72389030000
0.0,0.0,-0.01,72439030000
0.0,0.0,-0.01,72489029999
0.0,0.0,-0.01,72539029999
0.0,0.0,-0.01,72589039999
0.0,0.0,-0.01,72639030000
0.0,0.0,-0.01,72689030000
1.0,0.0,-0.01,72739029999
1.0,0.0,-0.01,72789029999
1.0,0.0,-0.01,72839039999
1.0,0.0,-0.01,72889030000
1.0,0.0,-0.01,72939030000
1.0,0.0,-0.01,72989029999
1.0,0.0,-0.01,73039029999
0.0,0.0,-0.01,73089039999
0.0,0.0,-0.01,73139030000
-1.0,0.0,-0.01,73189030000
-1.0,0.0,-0.01,73239029999
-1.0,0.0,-0.01,73289029999
-1.0,0.0,-0.01,73339039999
-1.0,0.0,-0.01,73389030000
-1.0,0.0,-0.01,73439030000
-1.0,0.0,-0.01,73489029999
-1.0,0.0,-0.01,73539029999
-1.0,0.0,0.0,73589039999
-1.0,0.0,0.0,73639030000
-1.0,0.0,0.0,73689030000
-1.0,0.0,0.0,73739029999
-1.0,0.0,0.0,73789029999
-1.0,0.0,0.0,73839039999
-1.0,0.0,0.0,73889030000
-1.0,0.0,0.0,73939030000
-1.0,0.0,0.0,73989029999
-1.0,0.0,0.0,74039029999
-1.0,0.0,0.0,74089039999
-1.0,0.0,0.0,74139030000
-1.0,0.0,0.0,74189030000
-1.0,0.0,0.0,74239029999
-1.0,0.0,0.0,74289029999
-1.0,0.0,0.0,74339039999
-1.0,0.0,0.0,74389030000
-1.0,0.0,0.0,74439030000
-1.0,0.0,0.0,74489029999
-1.0,0.0,-0.01,74539029999
-1.0,0.0,-0.01,74589039999
-1.0,0.75,-0.01,74639030000
-1.0,0.75,-0.01,74689030000
-1.0,0.75,-0.01,74739029999
-1.0,0.75,-0.01,74789029999
-1.0,0.75,-0.01,74839039999
-1.0,0.75,-0.01,74889030000
-1.0,0.75,-0.01,74939030000
-1.0,0.75,-0.01,74989029999
-1.0,0.75,-0.01,75039029999
0.0,0.75,-0.01,75089039999
0.0,0.75,-0.01,75139030000
0.0,0.75,-0.01,75189030000
0.0,0.75,-0.01,75239029999
0.0,0.75,-0.01,75289029999
0.0,0.75,-0.01,75339039999
0.0,0.75,-0.01,75389030000
0.0,0.75,-0.01,75439030000
1.0,0.75,-0.01,75489029999
1.0,0.75,-0.01,75539029999
1.0,0.75,-0.01,75589039999
1.0,0.0,-0.01,75639030000
1.0,0.0,-0.01,75689030000
1.0,0.0,-0.01,75739029999
1.0,0.0,-0.01,75789029999
1.0,0.0,-0.01,75839039999
1.0,0.0,-0.01,75889030000
1.0,0.0,-0.01,75939030000
1.0,0.0,-0.01,75989029999
1.0,0.75,-0.01,76039029999
1.0,0.75,-0.01,76089039999
1.0,0.75,-0.01,76139030000
1.0,0.75,-0.01,76189030000
1.0,0.75,-0.01,76239029999
1.0,0.75,-0.01,76289029999
1.0,0.75,-0.01,76339039999
1.0,0.75,-0.01,76389030000
1.0,0.75,-0.01,76439030000
1.0,0.75,-0.01,76489029999
1.0,0.75,-0.01,76539029999
1.0,0.75,-0.01,76589039999
1.0,0.75,-0.01,76639030000
1.0,0.75,-0.01,76689030000
1.0,0.75,-0.01,76739029999
1.0,0.75,-0.01,76789029999
1.0,0.75,-0.01,76839039999
1.0,0.75,-0.01,76889030000
1.0,0.75,-0.01,76939030000
1.0,0.75,-0.01,76989029999
1.0,0.75,-0.01,77039029999
0.0,0.75,-0.01,77089039999
0.0,0.75,-0.01,77139030000
0.0,0.75,-0.01,77189030000
0.0,0.75,-0.01,77239029999
0.0,0.75,-0.01,77289029999
0.0,0.75,-0.01,77339039999
0.0,0.75,-0.01,77389030000
-1.0,0.75,-0.01,77439030000
-1.0,0.75,-0.01,77489029999
-1.0,0.75,-0.01,77539029999
-1.0,0.75,-0.01,77589039999
-1.0,0.75,-0.01,77639030000
-1.0,0.75,-0.01,77689030000
-1.0,0.0,-0.01,77739029999
-1.0,0.0,-0.01,77789029999
-1.0,0.0,-0.01,77839039999
-1.0,0.0,-0.01,77889030000
-1.0,0.0,-0.01,77939030000
-1.0,0.0,-0.01,77989029999
0.0,0.0,-0.01,78039029999
0.0,0.0,-0.01,78089039999
0.0,0.0,-0.01,78139030000
0.0,0.0,-0.01,78189030000
0.0,0.0,-0.01,78239029999
0.0,0.0,-0.01,78289029999
0.0,0.0,-0.01,78339039999
0.0,0.0,-0.01,78389030000
0.0,0.0,-0.01,78439030000
0.0,0.0,-0.01,78489029999
0.0,0.0,-0.01,78539029999
0.0,0.0,-0.01,78589039999
1.0,0.0,-0.01,78639030000
1.0,0.0,-0.01,78689030000
1.0,0.0,-0.01,78739029999
1.0,0.0,-0.01,78789029999
1.0,0.0,-0.01,78839039999
1.0,0.0,-0.01,78889030000
1.0,0.0,-0.01,78939030000
1.0,0.0,-0.01,78989029999
1.0,0.0,-0.01,79039029999
1.0,0.0,-0.01,79089039999
1.0,0.0,-0.01,79139030000
1.0,0.0,-0.01,79189030000
0.0,0.0,-0.01,79239029999
0.0,0.0,-0.01,79289029999
-1.0,0.0,-0.01,79339039999
-1.0,0.0,-0.01,79389030000
-1.0,0.0,-0.01,79439030000
-1.0,0.0,-0.01,79489029999
-1.0,0.0,-0.01,79539029999
-1.0,0.0,-0.01,79589039999
-1.0,0.0,-0.01,79639030000
-1.0,0.0,-0.01,79689030000
-1.0,0.0,-0.01,79739029999
-1.0,0.0,-0.01,79789029999
-1.0,0.0,-0.01,79839039999
-1.0,0.0,-0.01,79889030000
-1.0,0.0,-0.01,79939030000
0.0,0.0,-0.01,79989029999
0.0,0.0,-0.01,80039029999
0.0,0.0,-0.01,80089039999
0.0,0.0,-0.01,80139030000
0.0,0.0,-0.01,80189030000
0.0,0.0,-0.01,80239029999
0.0,0.0,-0.01,80289029999
0.0,0.0,-0.01,80339039999
0.0,0.0,-0.01,80389030000
0.0,0.0,-0.01,80439030000
0.0,0.0,-0.01,80489029999
1.0,0.0,-0.01,80539029999
1.0,0.0,-0.01,80589039999
1.0,0.0,-0.01,80639030000
1.0,0.0,-0.01,80689030000
1.0,0.0,-0.01,80739029999
1.0,0.0,-0.01,80789029999
1.0,0.0,0.0,80839039999
1.0,0.0,0.0,80889030000
1.0,0.0,0.01,80939030000
1.0,0.0,0.01,80989029999
1.0,0.0,0.0,81039029999
1.0,0.0,0.0,81089039999
1.0,0.0,0.0,81139030000
1.0,0.0,0.0,81189030000
1.0,0.0,0.0,81239029999
1.0,0.0,0.0,81289029999
1.0,0.0,0.0,81339039999
0.0,0.0,0.0,81389030000
-1.0,0.0,0.0,81439030000
-1.0,0.0,0.0,81489029999
-1.0,0.0,0.0,81539029999
-1.0,0.0,0.0,81589039999
-1.0,0.0,0.0,81639030000
-1.0,0.0,0.0,81689030000
0.0,0.0,0.0,81739029999
0.0,0.0,0.0,81789029999
0.0,0.0,-0.01,81839039999
0.0,0.0,-0.01,81889030000
0.0,0.0,-0.01,81939030000
0.0,0.0,0.0,81989029999
0.0,0.0,0.0,82039029999
0.0,0.0,0.0,82089039999
0.0,0.0,0.0,82139030000
0.0,0.0,0.0,82189030000
0.0,0.0,0.0,82239029999
0.0,0.0,0.0,82289029999
0.0,0.0,0.0,82339039999
0.0,0.0,0.0,82389030000
1.0,0.0,0.0,82439030000
1.0,0.0,0.0,82489029999
1.0,0.0,0.0,82539029999
1.0,0.0,0.0,82589039999
1.0,0.0,0.0,82639030000
1.0,0.0,0.0,82689030000
1.0,0.0,0.0,82739029999
1.0,0.0,0.0,82789029999
1.0,0.0,0.0,82839039999
1.0,0.0,0.0,82889030000
1.0,0.0,0.0,82939030000
1.0,0.0,-0.01,82989029999
1.0,0.0,-0.01,83039029999
1.0,0.0,-0.01,83089039999
1.0,0.0,-0.01,83139030000
1.0,0.0,-0.01,83189030000
1.0,0.0,-0.01,83239029999
1.0,0.0,-0.01,83289029999
1.0,0.0,-0.01,83339039999
1.0,0.0,-0.01,83389030000
1.0,0.0,-0.01,83439030000
1.0,0.0,-0.01,83489029999
1.0,0.0,-0.01,83539029999
0.0,0.0,-0.01,83589039999
0.0,0.0,-0.01,83639030000
0.0,0.0,-0.01,83689030000
0.0,0.0,-0.01,83739029999
0.0,0.0,-0.01,83789029999
0.0,0.0,-0.01,83839039999
0.0,0.0,-0.01,83889030000
0.0,0.0,-0.01,83939030000
0.0,0.0,-0.01,83989029999
0.0,0.0,-0.01,84039029999
0.0,0.0,-0.01,84089039999
0.0,0.0,-0.01,84139030000
0.0,0.0,-0.01,84189030000
0.0,0.0,-0.01,84239029999
0.0,0.0,0.0,84289029999
0.0,0.0,0.0,84339039999
-1.0,0.0,0.0,84389030000
-1.0,0.0,0.0,84439030000
-1.0,0.0,0.0,84489029999
-1.0,0.75,0.0,84539029999
-1.0,0.75,0.0,84589039999
-1.0,0.75,0.0,84639030000
-1.0,0.75,0.0,84689030000
-1.0,0.75,0.0,84739029999
-1.0,0.75,0.0,84789029999
-1.0,0.75,0.0,84839039999
-1.0,0.75,0.0,84889030000
-1.0,0.75,0.0,84939030000
-1.0,0.75,0.0,84989029999
-1.0,0.75,0.0,85039029999
-1.0,0.75,0.0,85089039999
-1.0,0.75,-0.01,85139030000
-1.0,0.75,-0.01,85189030000
-1.0,0.75,-0.01,85239029999
-1.0,0.75,-0.01,85289029999
-1.0,0.75,-0.01,85339039999
-1.0,0.75,-0.01,85389030000
-1.0,0.75,-0.01,85439030000
-1.0,0.75,-0.01,85489029999
-1.0,0.75,-0.01,85539029999
-1.0,0.75,-0.01,85589039999
-1.0,0.75,-0.01,85639030000
-1.0,0.75,-0.01,85689030000
-1.0,0.75,-0.01,85739029999
-1.0,0.0,-0.01,85789029999
-1.0,0.0,-0.01,85839039999
-1.0,0.0,-0.01,85889030000
-1.0,0.0,-0.01,85939030000
-1.0,0.0,-0.01,85989029999
-1.0,0.0,-0.01,86039029999
-1.0,0.0,-0.01,86089039999
-1.0,0.0,-0.01,86139030000
-1.0,0.0,-0.01,86189030000
-1.0,0.0,-0.01,86239029999
0.0,0.0,-0.01,86289029999
0.0,0.0,-0.01,86339039999
0.0,0.0,-0.01,86389030000
0.0,0.0,-0.01,86439030000
0.0,0.0,-0.01,86489029999
0.0,0.0,-0.01,86539029999
0.0,0.0,-0.01,86589039999
0.0,0.0,0.0,86639030000
1.0,0.0,0.0,86689030000
1.0,0.0,0.0,86739040000
1.0,0.0,0.0,86789029999
1.0,0.0,0.0,86839039999
1.0,0.0,0.0,86889030000
1.0,0.0,0.0,86939030000
1.0,0.0,0.0,86989040000
1.0,0.0,0.0,87039029999
1.0,0.0,0.0,87089039999
1.0,0.0,0.0,87139030000
1.0,0.0,0.0,87189030000
1.0,0.0,0.01,87239040000
1.0,0.0,0.01,87289029999
1.0,0.0,0.01,87339039999
1.0,0.0,0.01,87389030000
1.0,0.0,0.01,87439030000
1.0,0.0,0.01,87489040000
1.0,0.0,0.01,87539029999
1.0,0.0,0.01,87589039999
1.0,0.0,0.01,87639030000
1.0,0.0,0.01,87689030000
1.0,0.0,0.01,87739040000
1.0,0.0,0.01,87789029999
1.0,0.0,0.01,87839039999
1.0,0.0,0.01,87889030000
1.0,0.0,0.01,87939030000
1.0,0.0,0.0,87989040000
1.0,0.0,0.0,88039029999
1.0,0.0,0.0,88089039999
1.0,0.0,0.0,88139030000
1.0,0.0,0.0,88189030000
1.0,0.0,0.0,88239040000
1.0,0.0,0.0,88289029999
1.0,0.0,0.0,88339039999
1.0,0.0,0.0,88389030000
1.0,0.0,0.0,88439030000
1.0,0.0,0.0,88489040000
0.0,0.0,0.0,88539029999
0.0,0.0,0.0,88589039999
0.0,0.0,0.0,88639030000
0.0,0.0,0.0,88689030000
0.0,0.0,0.0,88739040000
0.0,0.0,0.0,88789029999
0.0,0.0,0.0,88839039999
0.0,0.0,0.0,88889030000
0.0,0.0,0.0,88939030000
0.0,0.0,0.0,88989040000
0.0,0.0,0.0,89039029999
0.0,0.0,0.0,89089039999
0.0,0.0,0.0,89139030000
0.0,0.0,0.0,89189030000
0.0,0.0,0.0,89239040000
0.0,0.0,0.0,89289029999
0.0,0.0,0.0,89339039999
0.0,0.0,0.0,89389030000
0.0,0.0,0.0,89439030000
0.0,0.0,0.0,89489040000
0.0,0.0,0.0,89539029999
0.0,0.0,0.0,89589039999
0.0,0.0,0.0,89639030000
0.0,0.0,0.0,89689030000
0.0,0.0,0.0,89739040000
0.0,0.0,0.0,89789029999
0.0,0.0,0.0,89839039999
0.0,0.0,0.0,89889030000
0.0,0.0,0.0,89939030000
0.0,0.0,0.0,89989040000
0.0,0.0,0.0,90039029999
0.0,0.0,0.0,90089039999
0.0,0.0,0.0,90139030000
0.0,0.0,0.0,90189030000
0.0,0.0,0.0,90239040000
0.0,0.0,0.0,90289029999
1.0,0.0,0.0,90339039999
1.0,0.0,0.0,90389030000
1.0,0.0,0.0,90439030000
1.0,0.0,0.0,90489040000
1.0,0.0,0.0,90539029999
1.0,0.0,0.0,90589039999
1.0,0.0,0.0,90639030000
1.0,0.0,0.0,90689030000
1.0,0.0,0.0,90739040000
1.0,0.0,0.0,90789029999
1.0,0.0,0.0,90839039999
1.0,0.0,0.0,90889030000
1.0,0.0,0.0,90939030000
1.0,0.0,0.0,90989040000
1.0,0.75,0.0,91039029999
1.0,0.75,0.0,91089039999
1.0,0.75,0.0,91139030000
1.0,0.75,0.0,91189030000
1.0,0.75,0.0,91239040000
1.0,0.75,0.0,91289029999
1.0,0.75,0.0,91339039999
1.0,0.75,0.0,91389030000
1.0,0.75,0.0,91439030000
1.0,0.75,0.0,91489040000
1.0,0.75,0.0,91539029999
1.0,0.75,0.0,91589039999
1.0,0.75,0.0,91639030000
1.0,0.75,0.0,91689030000
1.0,0.75,0.0,91739040000
1.0,0.75,0.0,91789029999
1.0,0.75,0.0,91839039999
1.0,0.75,0.0,91889030000
1.0,0.75,0.0,91939030000
1.0,0.75,0.0,91989040000
1.0,0.0,0.0,92039029999
1.0,0.0,0.0,92089039999
1.0,0.0,0.0,92139030000
1.0,0.0,0.0,92189030000
1.0,0.0,0.0,92239040000
1.0,0.0,0.0,92289029999
1.0,-0.75,0.0,92339039999
1.0,-0.75,0.0,92389030000
1.0,-0.75,0.0,92439030000
1.0,-0.75,0.0,92489040000
1.0,-0.75,0.0,92539029999
1.0,-0.75,0.0,92589039999
1.0,-0.75,0.0,92639030000
1.0,-0.75,0.0,92689030000
1.0,-0.75,0.0,92739040000
1.0,-0.75,0.0,92789029999
1.0,-0.75,0.0,92839039999
1.0,-0.75,0.0,92889030000
1.0,-0.75,0.0,92939030000
1.0,-0.75,0.0,92989040000
1.0,-0.75,0.0,93039029999
1.0,-0.75,0.0,93089039999
1.0,-0.75,0.0,93139030000
1.0,-0.75,0.0,93189030000
1.0,-0.75,0.0,93239040000
1.0,-0.75,0.0,93289029999
1.0,0.0,0.0,93339039999
1.0,0.0,0.0,93389030000
1.0,0.0,0.0,93439030000
1.0,0.75,0.0,93489040000
1.0,0.75,0.0,93539029999
1.0,0.75,0.0,93589039999
1.0,0.75,0.0,93639030000
1.0,0.75,0.0,93689030000
1.0,0.75,0.0,93739040000
1.0,0.75,0.0,93789029999
1.0,0.75,0.0,93839039999
1.0,0.75,0.0,93889030000
1.0,0.75,0.0,93939030000
1.0,0.75,0.0,93989040000
1.0,0.75,0.0,94039029999
1.0,0.75,0.0,94089039999
1.0,0.75,0.0,94139030000
1.0,0.75,0.0,94189030000
1.0,0.75,0.0,94239040000
1.0,0.75,0.0,94289029999
1.0,0.75,0.0,94339039999
1.0,0.0,0.0,94389030000
1.0,0.0,0.0,94439030000
1.0,-0.75,0.0,94489040000
1.0,-0.75,0.0,94539029999
1.0,-0.75,0.0,94589039999
1.0,-0.75,0.0,94639030000
1.0,-0.75,0.0,94689030000
1.0,-0.75,0.0,94739040000
1.0,-0.75,0.0,94789029999
1.0,-0.75,0.0,94839039999
1.0,-0.75,0.0,94889030000
1.0,-0.75,0.0,94939030000
1.0,-0.75,0.0,94989040000
1.0,0.0,0.0,95039029999
1.0,0.0,0.0,95089039999
1.0,0.0,0.0,95139030000
1.0,0.0,0.0,95189030000
1.0,0.0,0.0,95239040000
1.0,0.0,0.0,95289029999
1.0,0.0,0.0,95339039999
1.0,0.75,0.0,95389030000
1.0,0.75,0.0,95439030000
1.0,0.75,0.0,95489040000
1.0,0.75,0.0,95539029999
1.0,0.75,0.0,95589039999
1.0,0.75,0.0,95639030000
1.0,0.75,0.0,95689030000
1.0,0.75,0.0,95739040000
1.0,0.75,0.0,95789029999
1.0,0.75,0.0,95839039999
1.0,0.75,0.0,95889030000
1.0,0.75,0.0,95939030000
1.0,0.75,0.0,95989040000
0.0,0.75,0.0,96039029999
0.0,0.75,0.0,96089039999
0.0,0.75,0.0,96139030000
0.0,0.75,0.0,96189030000
0.0,0.75,0.0,96239040000
0.0,0.75,0.0,96289029999
0.0,0.75,0.0,96339039999
0.0,0.75,0.0,96389030000
0.0,0.75,-0.01,96439030000
0.0,0.75,-0.01,96489040000
0.0,0.0,-0.01,96539029999
1.0,0.0,-0.01,96589039999
1.0,0.0,-0.01,96639030000
1.0,0.0,-0.01,96689030000
1.0,0.0,-0.01,96739040000
1.0,0.0,-0.01,96789029999
1.0,0.0,-0.01,96839039999
1.0,0.0,-0.01,96889030000
1.0,0.0,-0.01,96939030000
1.0,0.0,-0.01,96989040000
1.0,0.0,-0.01,97039029999
1.0,0.0,-0.01,97089039999
1.0,0.0,-0.01,97139030000
1.0,0.0,-0.01,97189030000
1.0,0.0,-0.01,97239040000
1.0,0.0,-0.01,97289029999
1.0,0.0,-0.01,97339039999
1.0,0.0,-0.01,97389030000
1.0,0.0,0.0,97439030000
1.0,0.0,0.0,97489040000
1.0,0.0,0.0,97539029999
1.0,0.0,0.0,97589039999
1.0,0.0,0.0,97639030000
1.0,0.0,0.0,97689030000
1.0,0.0,0.0,97739040000
1.0,0.0,0.0,97789029999
1.0,0.0,0.0,97839039999
1.0,0.0,0.0,97889030000
1.0,0.0,0.0,97939030000
1.0,0.0,0.0,97989040000
1.0,0.0,0.0,98039029999
1.0,0.0,0.0,98089039999
1.0,0.0,0.0,98139030000
1.0,0.0,0.0,98189030000
1.0,0.0,0.0,98239040000
1.0,0.0,0.0,98289029999
1.0,0.0,0.0,98339039999
1.0,0.0,0.0,98389030000
1.0,0.0,0.0,98439030000
1.0,0.0,0.0,98489040000
0.0,0.0,0.0,98539029999
0.0,0.0,0.0,98589039999
0.0,0.0,0.0,98639030000
0.0,0.0,0.0,98689030000
0.0,0.0,0.0,98739040000
0.0,0.0,0.0,98789029999
0.0,0.0,0.0,98839039999
0.0,0.0,0.0,98889030000
0.0,0.0,0.0,98939030000
0.0,0.0,0.0,98989040000
0.0,0.0,0.0,99039029999
0.0,0.0,0.0,99089039999
0.0,0.0,0.0,99139030000
0.0,0.0,0.0,99189030000
0.0,0.0,0.0,99239040000
0.0,0.0,0.0,99289029999
0.0,0.0,0.0,99339039999
0.0,0.0,0.0,99389030000
0.0,0.0,0.0,99439030000
0.0,0.0,0.0,99489040000
0.0,0.0,0.0,99539029999
0.0,0.0,0.0,99589039999
0.0,0.0,0.0,99639030000
0.0,0.0,0.0,99689030000
0.0,0.0,0.0,99739040000
0.0,0.0,0.0,99789029999
0.0,0.0,0.0,99839039999
0.0,0.0,0.0,99889030000
0.0,0.0,0.0,99939030000
0.0,0.0,0.0,99989040000
0.0,0.0,0.0,100039000000
0.0,0.0,0.0,100088999999
0.0,0.0,0.0,100138999999
0.0,0.0,0.0,100188999999
0.0,0.0,0.0,100239000000
0.0,0.0,0.0,100289000000
0.0,0.0,0.0,100338999999
0.0,0.0,0.0,100388999999
0.0,0.0,0.0,100438999999
0.0,0.0,0.0,100489000000
0.0,0.0,0.0,100539000000
0.0,0.0,0.0,100588999999
0.0,0.0,0.0,100638999999
0.0,0.0,0.0,100688999999
0.0,0.0,0.0,100739000000
0.0,0.0,0.0,100789000000
0.0,0.0,0.0,100838999999
0.0,0.0,0.0,100888999999
0.0,0.0,0.0,100938999999
0.0,0.0,0.0,100989000000
0.0,0.0,0.0,101039000000
0.0,0.0,0.0,101088999999
0.0,0.0,0.0,101138999999
0.0,0.0,0.0,101188999999
0.0,0.0,0.0,101239000000
0.0,0.0,0.0,101289000000
0.0,0.0,0.0,101338999999
0.0,0.0,0.0,101388999999
0.0,0.0,0.0,101438999999
0.0,0.0,0.0,101489000000
0.0,0.0,0.0,101539000000
0.0,0.0,0.0,101588999999
0.0,0.0,0.0,101638999999
0.0,0.0,0.0,101688999999
0.0,0.0,0.0,101739000000
0.0,0.0,0.0,101789000000
0.0,0.0,0.0,101838999999
0.0,0.0,0.0,101888999999
0.0,0.0,0.0,101938999999
0.0,0.0,0.0,101989000000
0.0,0.0,0.0,102039000000
0.0,0.0,0.0,102088999999
0.0,0.0,0.0,102138999999
0.0,0.0,0.0,102188999999
0.0,0.0,0.0,102239000000
0.0,0.0,0.0,102289000000
1.0,0.0,0.0,102338999999
1.0,0.0,0.0,102388999999
1.0,0.0,0.0,102438999999
1.0,0.0,0.0,102489000000
1.0,0.0,0.0,102539000000
1.0,0.0,0.0,102588999999
1.0,0.0,0.0,102638999999
1.0,0.0,0.0,102688999999
1.0,0.0,0.0,102739000000
1.0,0.0,0.0,102789000000
1.0,0.0,0.0,102838999999
1.0,0.0,0.0,102888999999
1.0,0.0,0.0,102938999999
1.0,0.0,0.0,102989000000
1.0,0.0,0.0,103039000000
1.0,0.0,0.0,103088999999
1.0,0.0,0.0,103138999999
1.0,0.0,0.0,103188999999
1.0,0.0,0.0,103239000000
1.0,0.0,0.0,103289000000
1.0,0.0,0.0,103338999999
1.0,0.0,0.01,103388999999
1.0,0.0,0.01,103438999999
1.0,0.0,0.01,103489000000
1.0,0.0,0.01,103539000000
1.0,0.0,0.01,103588999999
1.0,0.0,0.01,103638999999
1.0,0.0,0.01,103688999999
1.0,0.0,0.01,103739000000
1.0,0.0,0.01,103789000000
1.0,0.0,0.01,103838999999
1.0,0.0,0.01,103888999999
1.0,0.0,0.01,103938999999
1.0,0.0,0.01,103989000000
1.0,0.0,0.01,104039000000
1.0,0.0,0.01,104088999999
1.0,0.0,0.01,104138999999
1.0,0.0,0.01,104188999999
1.0,0.0,0.01,104239000000
1.0,0.0,0.01,104289000000
1.0,0.0,0.01,104338999999
1.0,0.0,0.0,104388999999
1.0,0.0,0.0,104438999999
1.0,0.0,0.0,104489000000
1.0,0.0,0.0,104539000000
1.0,0.0,0.0,104588999999
1.0,0.0,0.0,104638999999
1.0,0.0,0.0,104688999999
0.0,0.0,0.0,104739000000
0.0,0.0,0.0,104789000000
0.0,0.0,0.0,104838999999
0.0,0.0,0.0,104888999999
0.0,0.0,0.0,104938999999
0.0,0.0,0.0,104989000000
0.0,0.0,0.0,105039000000
0.0,0.0,0.0,105088999999
0.0,0.0,0.0,105138999999
0.0,0.0,-0.01,105188999999
0.0,0.0,-0.01,105239000000
0.0,0.0,-0.01,105289000000
0.0,0.0,-0.01,105338999999
0.0,0.0,-0.01,105388999999
0.0,0.0,-0.01,105438999999
0.0,0.0,-0.01,105489000000
0.0,0.0,-0.01,105539000000
0.0,0.0,-0.01,105588999999
0.0,0.0,-0.01,105638999999
0.0,0.0,-0.01,105688999999
0.0,0.0,-0.01,105739000000
0.0,0.0,-0.01,105789000000
0.0,0.0,-0.01,105838999999
0.0,0.0,-0.01,105888999999
0.0,0.0,-0.01,105938999999
1.0,0.0,-0.01,105989000000
1.0,0.0,-0.01,106039000000
1.0,0.0,-0.01,106088999999
1.0,0.0,-0.01,106138999999
1.0,0.0,0.0,106188999999
1.0,0.0,0.0,106239000000
1.0,0.0,0.0,106289000000
1.0,0.0,0.0,106338999999
1.0,0.0,0.0,106388999999
1.0,0.0,0.0,106438999999
1.0,0.0,0.0,106489000000
1.0,0.0,0.0,106539000000
1.0,0.0,0.0,106588999999
1.0,0.0,0.0,106638999999
1.0,0.0,0.0,106688999999
1.0,0.0,0.0,106739000000
1.0,0.0,0.0,106789000000
1.0,0.0,0.0,106838999999
1.0,0.0,0.0,106888999999
1.0,0.0,0.0,106938999999
1.0,0.0,0.0,106989000000
1.0,0.0,0.0,107039000000
1.0,0.0,0.0,107088999999
1.0,0.0,0.0,107138999999
1.0,0.0,0.0,107188999999
1.0,0.0,0.0,107239000000
1.0,0.0,0.0,107289000000
0.0,0.0,0.0,107338999999
0.0,0.0,0.0,107388999999
0.0,0.0,0.0,107438999999
0.0,0.0,0.0,107489000000
0.0,0.0,0.0,107539000000
0.0,0.0,0.0,107588999999
0.0,0.0,0.0,107638999999
0.0,0.0,0.0,107688999999
1.0,0.0,0.0,107739000000
1.0,0.75,0.0,107789000000
1.0,0.75,0.0,107838999999
1.0,0.75,0.0,107888999999
1.0,0.75,0.0,107938999999
1.0,0.75,0.0,107989000000
1.0,0.75,0.0,108039000000
1.0,0.75,0.0,108088999999
1.0,0.75,0.0,108138999999
1.0,0.75,0.0,108188999999
1.0,0.75,0.0,108239000000
1.0,0.75,0.0,108289000000
1.0,0.75,0.0,108338999999
1.0,0.75,0.0,108388999999
1.0,0.75,0.0,108438999999
1.0,0.75,0.0,108489000000
1.0,0.75,0.0,108539000000
1.0,0.75,0.0,108588999999
1.0,0.75,0.0,108638999999
1.0,0.75,0.0,108688999999
1.0,0.75,0.0,108739000000
1.0,0.0,0.0,108789000000
1.0,0.0,0.0,108838999999
1.0,0.0,0.0,108888999999
1.0,0.0,-0.01,108938999999
1.0,0.0,-0.01,108989000000
1.0,0.0,-0.01,109039000000
1.0,0.0,-0.01,109088999999
1.0,0.0,-0.01,109138999999
1.0,0.0,-0.01,109188999999
1.0,0.0,-0.01,109239000000
1.0,0.0,-0.01,109289000000
1.0,0.0,-0.01,109338999999
1.0,0.0,-0.01,109388999999
1.0,0.0,-0.01,109438999999
1.0,0.0,-0.01,109489000000
1.0,0.0,-0.01,109539000000
1.0,0.0,-0.01,109588999999
1.0,0.0,-0.01,109638999999
1.0,0.0,-0.01,109688999999
1.0,0.0,-0.01,109739000000
1.0,0.0,-0.01,109789000000
1.0,0.0,-0.01,109838999999
1.0,0.0,-0.01,109888999999
1.0,0.0,0.0,109938999999
1.0,0.0,0.0,109989000000
1.0,0.0,0.0,110039000000
1.0,0.0,0.0,110088999999
1.0,0.0,-0.01,110138999999
1.0,0.0,-0.01,110188999999
1.0,0.0,-0.01,110239000000
1.0,0.0,-0.01,110289000000
1.0,0.0,-0.01,110338999999
1.0,0.0,-0.01,110388999999
1.0,0.0,-0.01,110438999999
1.0,0.0,-0.01,110489000000
1.0,0.0,-0.01,110539000000
1.0,0.0,-0.01,110588999999
1.0,0.0,-0.01,110638999999
1.0,0.0,-0.01,110688999999
1.0,0.0,-0.01,110739000000
1.0,0.0,-0.01,110789000000
0.0,0.0,-0.01,110838999999
0.0,0.0,-0.01,110888999999
0.0,0.0,-0.01,110938999999
-1.0,0.0,-0.01,110989000000
-1.0,0.0,-0.01,111039000000
-1.0,0.0,-0.01,111088999999
0.0,0.0,-0.01,111138999999
0.0,0.0,-0.01,111188999999
0.0,0.0,-0.01,111239000000
0.0,0.0,-0.01,111289000000
0.0,0.0,-0.01,111338999999
0.0,0.0,-0.01,111388999999
0.0,0.0,-0.01,111438999999
0.0,0.0,-0.01,111489000000
0.0,0.0,-0.01,111539000000
0.0,0.0,-0.01,111588999999
0.0,0.0,-0.01,111638999999
0.0,0.0,-0.01,111688999999
0.0,0.0,-0.01,111739000000
0.0,0.0,-0.01,111789000000
1.0,0.0,-0.01,111838999999
1.0,0.0,-0.01,111888999999
1.0,0.0,-0.01,111938999999
1.0,0.0,-0.01,111989000000
1.0,0.0,-0.01,112039000000
1.0,0.0,-0.01,112088999999
1.0,0.0,-0.01,112138999999
1.0,0.0,-0.01,112188999999
1.0,0.0,-0.01,112239000000
1.0,0.0,-0.01,112289000000
1.0,0.0,-0.01,112338999999
1.0,0.0,0.0,112388999999
0.0,0.0,-0.01,112438999999
0.0,0.0,-0.01,112489000000
0.0,0.0,-0.01,112539000000
0.0,0.0,-0.01,112588999999
0.0,0.0,-0.01,112638999999
0.0,0.0,-0.01,112688999999
0.0,0.0,-0.01,112739000000
0.0,0.0,-0.01,112789000000
0.0,0.0,-0.01,112838999999
0.0,0.0,-0.01,112888999999
0.0,0.0,-0.01,112938999999
-1.0,0.0,-0.01,112989000000
-1.0,0.0,-0.01,113039000000
-1.0,0.0,-0.01,113088999999
-1.0,0.0,-0.01,113138999999
-1.0,0.0,-0.01,113188999999
0.0,0.0,-0.01,113239000000
0.0,0.0,-0.01,113289000000
0.0,0.0,-0.01,113338999999
0.0,0.0,-0.01,113388999999
0.0,0.0,-0.01,113438999999
0.0,0.0,-0.01,113489000000
0.0,0.0,-0.01,113539000000
0.0,0.0,-0.01,113588999999
0.0,0.0,-0.01,113638999999
0.0,0.0,-0.01,113688999999
0.0,0.0,-0.01,113739000000
0.0,0.0,-0.01,113789000000
0.0,0.0,-0.01,113838999999
0.0,0.0,-0.01,113888999999
0.0,0.0,-0.01,113938999999
1.0,0.0,-0.01,113989000000
1.0,0.0,-0.01,114039000000
1.0,0.0,-0.01,114088999999
1.0,0.0,-0.01,114138999999
1.0,0.0,-0.01,114188999999
0.0,0.0,-0.01,114239000000
0.0,0.0,-0.01,114289000000
0.0,0.0,-0.01,114338999999
0.0,0.0,-0.01,114388999999
0.0,0.0,-0.01,114438999999
-1.0,0.0,-0.01,114489000000
-1.0,0.0,-0.01,114539000000
-1.0,0.0,-0.01,114588999999
-1.0,0.0,-0.01,114638999999
-1.0,0.0,-0.01,114688999999
-1.0,0.0,-0.01,114739000000
-1.0,0.0,-0.01,114789000000
0.0,0.0,-0.01,114838999999
0.0,0.0,-0.01,114888999999
0.0,0.0,-0.01,114938999999
0.0,0.0,-0.01,114989000000
0.0,0.0,-0.01,115039000000
0.0,0.0,-0.01,115088999999
0.0,0.0,-0.01,115138999999
0.0,0.0,-0.01,115188999999
0.0,0.0,-0.01,115239000000
0.0,0.0,-0.01,115289000000
0.0,0.0,-0.01,115338999999
0.0,0.0,-0.01,115388999999
0.0,0.0,-0.01,115438999999
1.0,0.0,-0.01,115489000000
0.0,0.0,-0.01,115539000000
0.0,0.0,-0.01,115588999999
0.0,0.0,-0.01,115638999999
0.0,0.0,-0.01,115688999999
0.0,0.0,-0.01,115739000000
0.0,0.0,-0.01,115789000000
-1.0,0.0,-0.01,115838999999
-1.0,0.0,-0.01,115888999999
-1.0,0.0,-0.01,115938999999
-1.0,0.0,-0.01,115989000000
-1.0,0.0,-0.01,116039000000
-1.0,0.0,-0.01,116088999999
-1.0,0.0,-0.01,116138999999
-1.0,0.0,-0.01,116188999999
-1.0,0.0,-0.01,116239000000
-1.0,0.0,-0.01,116289000000
-1.0,0.0,-0.01,116338999999
-1.0,0.0,-0.01,116388999999
-1.0,0.0,-0.01,116438999999
-1.0,0.0,-0.01,116489000000
0.0,0.0,-0.01,116539000000
0.0,0.0,-0.01,116588999999
0.0,0.0,-0.01,116638999999
1.0,0.0,-0.01,116688999999
1.0,0.0,-0.01,116739000000
1.0,0.0,-0.01,116789000000
1.0,0.0,-0.01,116838999999
1.0,0.0,-0.01,116888999999
1.0,0.0,-0.01,116938999999
1.0,0.0,-0.01,116989000000
1.0,0.0,-0.01,117039000000
1.0,0.0,-0.01,117088999999
1.0,0.0,-0.01,117138999999
1.0,0.0,-0.01,117188999999
1.0,0.0,-0.01,117239000000
1.0,0.0,-0.01,117289000000
1.0,0.0,-0.01,117338999999
1.0,0.0,-0.01,117388999999
1.0,0.0,-0.01,117438999999
1.0,0.0,-0.01,117489000000
1.0,0.0,-0.01,117539000000
1.0,0.0,-0.01,117588999999
1.0,0.0,-0.01,117638999999
1.0,0.0,-0.01,117688999999
1.0,0.0,-0.01,117739000000
1.0,0.0,-0.01,117789000000
1.0,0.0,-0.01,117838999999
1.0,0.0,-0.01,117888999999
1.0,0.0,-0.01,117938999999
0.0,0.0,-0.01,117989000000
0.0,0.0,-0.01,118039000000
0.0,0.0,-0.01,118088999999
0.0,0.0,-0.01,118138999999
0.0,0.0,-0.01,118188999999
0.0,0.0,-0.01,118239000000
0.0,0.0,-0.01,118289000000
0.0,0.0,-0.01,118338999999
1.0,0.0,-0.01,118388999999
1.0,0.0,-0.01,118438999999
1.0,0.0,-0.01,118489000000
1.0,0.0,-0.01,118539000000
1.0,0.0,-0.01,118588999999
1.0,0.0,-0.01,118638999999
1.0,0.0,-0.01,118688999999
1.0,0.0,-0.01,118739000000
1.0,0.0,-0.01,118789000000
1.0,0.0,-0.01,118838999999
1.0,0.0,-0.01,118888999999
1.0,0.0,-0.01,118938999999
1.0,0.0,-0.01,118989000000
1.0,0.0,-0.01,119039000000
1.0,0.0,-0.01,119088999999
1.0,0.0,-0.01,119138999999
1.0,0.0,-0.01,119188999999
1.0,0.0,-0.01,119239000000
1.0,0.0,-0.01,119289000000
1.0,0.0,-0.01,119338999999
1.0,0.0,-0.01,119388999999
1.0,0.0,-0.01,119438999999
1.0,0.0,-0.01,119489000000
1.0,0.0,-0.01,119539000000
1.0,0.0,-0.01,119588999999
1.0,0.0,-0.01,119638999999
1.0,0.0,-0.01,119688999999
1.0,0.0,0.0,119739000000
1.0,0.0,0.0,119789000000
1.0,0.0,0.0,119838999999
1.0,0.0,0.0,119888999999
1.0,0.0,-0.01,119938999999
1.0,0.0,-0.01,119989000000
1.0,0.0,-0.01,120039000000
1.0,0.0,-0.01,120088999999
1.0,0.0,-0.01,120138999999
1.0,0.0,-0.01,120188999999
1.0,0.0,-0.01,120239000000
1.0,0.0,-0.01,120289000000
1.0,0.0,-0.01,120338999999
1.0,0.0,-0.01,120388999999
1.0,0.0,-0.01,120438999999
1.0,0.0,-0.01,120489000000
1.0,0.0,-0.01,120539000000
1.0,0.0,-0.01,120588999999
1.0,0.0,-0.01,120638999999
1.0,0.0,-0.01,120688999999
1.0,0.0,-0.01,120739000000
1.0,0.0,-0.01,120789000000
1.0,0.0,-0.01,120838999999
1.0,0.0,-0.01,120888999999
1.0,0.0,-0.01,120938999999
0.0,0.0,-0.01,120989000000
0.0,0.0,-0.01,121039000000
0.0,0.0,-0.01,121088999999
0.0,0.0,-0.01,121138999999
0.0,0.0,-0.01,121188999999
0.0,0.0,-0.01,121239000000
0.0,0.0,0.0,121289000000
0.0,0.0,0.0,121338999999
0.0,0.0,0.0,121388999999
0.0,0.0,0.0,121438999999
0.0,0.0,0.0,121489000000
0.0,0.0,0.0,121539000000
0.0,0.0,0.0,121588999999
0.0,0.0,0.0,121638999999
0.0,0.0,0.0,121688999999
0.0,0.0,0.0,121739000000
0.0,0.0,0.0,121789000000
0.0,0.0,0.0,121838999999
0.0,0.0,0.0,121888999999
0.0,0.0,0.0,121938999999
0.0,0.0,0.0,121989000000
0.0,0.0,0.0,122039000000
0.0,0.0,0.0,122088999999
0.0,0.0,0.0,122138999999
0.0,0.0,0.0,122188999999
0.0,0.0,0.0,122239000000
0.0,0.0,0.0,122289000000
0.0,0.0,0.0,122338999999
0.0,0.0,0.0,122388999999
0.0,0.0,0.0,122438999999
0.0,0.0,0.0,122489000000
0.0,0.0,-0.01,122539000000
0.0,0.0,-0.01,122588999999
0.0,0.0,-0.01,122638999999
0.0,0.0,-0.01,122688999999
0.0,0.0,-0.01,122739000000
0.0,0.0,-0.01,122789000000
0.0,0.0,-0.01,122838999999
0.0,0.0,-0.01,122888999999
0.0,0.0,-0.01,122938999999
0.0,0.0,-0.01,122989000000
0.0,0.0,-0.01,123039000000
0.0,0.0,-0.01,123088999999
0.0,0.0,-0.01,123138999999
1.0,0.0,-0.01,123188999999
1.0,0.0,-0.01,123239000000
1.0,0.0,-0.01,123289000000
1.0,0.0,-0.01,123338999999
1.0,0.0,-0.01,123388999999
1.0,0.0,-0.01,123438999999
1.0,0.0,-0.01,123489000000
1.0,0.0,0.0,123539000000
1.0,0.0,0.0,123588999999
1.0,0.0,0.0,123638999999
1.0,0.0,0.0,123688999999
1.0,0.0,0.0,123739000000
1.0,0.0,0.0,123789000000
1.0,0.0,0.0,123838999999
1.0,0.0,0.0,123888999999
1.0,0.0,0.0,123938999999
1.0,0.0,0.0,123989000000
1.0,0.0,0.0,124039000000
1.0,0.0,0.0,124088999999
1.0,0.0,0.0,124138999999
1.0,0.0,0.0,124188999999
1.0,0.0,0.0,124239000000
1.0,0.0,0.0,124289000000
1.0,0.0,0.0,124338999999
1.0,0.0,0.0,124388999999
1.0,0.0,0.0,124438999999
0.0,0.0,0.0,124489000000
0.0,0.0,0.0,124539000000
0.0,0.0,0.0,124588999999
1.0,0.0,0.0,124638999999
1.0,0.0,0.0,124688999999
1.0,0.0,0.0,124739000000
1.0,0.0,0.0,124789000000
1.0,0.0,0.0,124838999999
1.0,0.0,0.0,124888999999
1.0,0.0,0.0,124938999999
1.0,0.0,0.0,124989000000
1.0,0.0,0.0,125039000000
1.0,0.0,0.0,125088999999
1.0,0.0,0.0,125138999999
1.0,0.0,0.0,125188999999
1.0,0.0,0.0,125239000000
1.0,0.0,0.0,125289000000
1.0,0.0,0.0,125338999999
1.0,0.0,0.0,125388999999
1.0,0.0,0.0,125438999999
1.0,0.0,0.0,125489000000
1.0,0.0,0.0,125539000000
1.0,0.0,0.0,125588999999
1.0,0.0,0.0,125638999999
1.0,0.0,0.0,125688999999
1.0,0.0,0.0,125739000000
1.0,0.0,0.0,125789000000
1.0,0.0,0.0,125838999999
1.0,0.0,0.0,125888999999
1.0,0.0,0.0,125938999999
0.0,0.0,0.0,125989000000
0.0,0.0,0.0,126039000000
0.0,0.0,0.0,126088999999
0.0,0.0,0.0,126138999999
0.0,0.0,0.0,126188999999
0.0,0.0,0.0,126239000000
0.0,0.0,0.0,126289000000
0.0,0.0,0.0,126338999999
0.0,0.0,0.0,126388999999
0.0,0.0,0.0,126438999999
0.0,0.0,0.0,126489000000
0.0,0.0,0.0,126539000000
0.0,0.0,0.0,126588999999
0.0,0.0,0.0,126638999999
0.0,0.0,0.01,126688999999
0.0,0.0,0.01,126739000000
0.0,0.0,0.01,126789000000
0.0,0.0,0.01,126838999999
0.0,0.0,0.01,126888999999
0.0,0.0,0.01,126938999999
0.0,0.0,0.01,126989000000
0.0,0.0,0.01,127039000000
0.0,0.0,0.01,127088999999
0.0,0.0,0.01,127138999999
0.0,0.0,0.01,127188999999
0.0,0.0,0.01,127239000000
0.0,0.0,0.01,127289000000
0.0,0.0,0.01,127338999999
0.0,0.0,0.01,127388999999
0.0,0.0,0.01,127438999999
0.0,0.0,0.01,127489000000
0.0,0.0,0.01,127539000000
0.0,0.0,0.01,127588999999
1.0,0.0,0.01,127638999999
1.0,0.0,0.0,127688999999
1.0,0.0,0.0,127739000000
1.0,0.0,0.0,127789000000
1.0,0.0,0.0,127838999999
1.0,0.0,0.0,127888999999
1.0,0.0,0.0,127938999999
1.0,0.0,0.0,127989000000
1.0,0.0,0.0,128038999999
1.0,0.0,0.0,128088999999
1.0,0.0,0.0,128139000000
1.0,0.0,0.0,128188999999
1.0,0.0,0.0,128239000000
1.0,0.0,0.0,128288999999
1.0,0.0,0.0,128338999999
1.0,0.0,0.0,128389000000
1.0,0.0,0.0,128438999999
1.0,0.0,0.0,128489000000
1.0,0.0,0.0,128538999999
1.0,0.0,0.0,128588999999
1.0,0.0,0.0,128639000000
1.0,0.0,0.0,128688999999
1.0,0.0,0.0,128739000000
1.0,0.0,0.0,128788999999
1.0,0.0,0.0,128838999999
1.0,0.0,0.0,128889000000
1.0,0.0,0.0,128938999999
0.0,0.0,0.0,128989000000
0.0,0.0,0.0,129038999999
0.0,0.0,0.0,129088999999
0.0,0.0,0.0,129139000000
0.0,0.0,0.0,129188999999
0.0,0.0,0.0,129239000000
0.0,0.0,0.0,129288999999
0.0,0.0,0.0,129338999999
0.0,0.0,0.0,129389000000
0.0,0.0,0.0,129438999999
0.0,0.0,0.0,129489000000
0.0,0.0,0.0,129538999999
0.0,0.0,0.0,129588999999
0.0,0.0,0.0,129639000000
0.0,0.0,0.0,129688999999
0.0,0.0,0.0,129739000000
0.0,0.0,0.0,129788999999
0.0,0.0,0.0,129838999999
0.0,0.0,0.0,129889000000
0.0,0.0,0.0,129938999999
0.0,0.0,0.0,129989000000
0.0,0.0,0.0,130038999999
0.0,0.0,0.0,130088999999
0.0,0.0,0.0,130139000000
0.0,0.0,0.0,130188999999
0.0,0.0,0.0,130239000000
0.0,0.0,0.0,130288999999
0.0,0.0,0.0,130338999999
1.0,0.0,0.0,130389000000
1.0,0.0,0.0,130438999999
1.0,0.0,0.0,130489000000
1.0,0.0,0.0,130538999999
1.0,0.0,0.0,130588999999
1.0,0.0,0.0,130639000000
1.0,0.0,0.0,130688999999
1.0,0.0,0.0,130739000000
1.0,0.0,0.0,130788999999
1.0,0.0,0.0,130838999999
1.0,0.0,0.0,130889000000
1.0,0.0,0.0,130938999999
1.0,0.0,0.0,130989000000
1.0,0.0,0.0,131038999999
1.0,0.0,0.0,131088999999
1.0,0.0,0.0,131139000000
1.0,0.0,0.0,131188999999
1.0,0.0,0.0,131239000000
1.0,0.0,0.0,131288999999
1.0,0.0,0.0,131338999999
1.0,0.0,0.0,131389000000
1.0,0.0,-0.01,131438999999
1.0,0.0,-0.01,131489000000
1.0,0.0,-0.01,131538999999
1.0,0.0,-0.01,131588999999
1.0,0.0,-0.01,131639000000
1.0,0.0,-0.01,131688999999
1.0,0.0,-0.01,131739000000
1.0,0.0,-0.01,131788999999
1.0,0.0,-0.01,131838999999
1.0,0.0,-0.01,131889000000
1.0,0.0,-0.01,131938999999
1.0,0.0,-0.01,131989000000
1.0,0.0,-0.01,132038999999
1.0,0.0,-0.01,132088999999
0.0,0.0,-0.01,132139000000
0.0,0.0,-0.01,132188999999
0.0,0.0,-0.01,132239000000
0.0,0.0,-0.01,132288999999
0.0,0.0,-0.01,132338999999
-1.0,0.0,-0.01,132389000000
-1.0,0.0,-0.01,132438999999
0.0,0.0,-0.01,132489000000
0.0,0.0,-0.01,132538999999
0.0,0.0,-0.01,132588999999
0.0,0.0,-0.01,132639000000
0.0,0.0,-0.01,132688999999
0.0,0.0,-0.01,132739000000
0.0,0.0,-0.01,132788999999
0.0,0.0,-0.01,132838999999
0.0,0.0,-0.01,132889000000
0.0,0.0,-0.01,132938999999
0.0,0.0,-0.01,132989000000
0.0,0.0,-0.01,133038999999
0.0,0.0,-0.01,133088999999
0.0,0.0,-0.01,133139000000
0.0,0.0,-0.01,133188999999
0.0,0.0,-0.01,133239000000
0.0,0.0,-0.01,133288999999
0.0,0.0,-0.01,133338999999
0.0,0.0,-0.01,133389000000
0.0,0.0,-0.01,133438999999
0.0,0.0,-0.01,133489000000
0.0,0.0,-0.01,133538999999
0.0,0.0,-0.01,133588999999
0.0,0.0,-0.01,133639000000
0.0,0.0,-0.01,133688999999
0.0,0.0,-0.01,133739000000
0.0,0.0,-0.01,133788999999
0.0,0.0,-0.01,133838999999
1.0,0.0,-0.01,133889000000
1.0,0.0,-0.01,133938999999
1.0,0.0,-0.01,133989000000
1.0,0.0,-0.01,134038999999
1.0,0.0,-0.01,134088999999
1.0,0.75,-0.01,134139000000
1.0,0.75,-0.01,134188999999
1.0,0.75,-0.01,134239000000
1.0,0.75,-0.01,134288999999
1.0,0.75,-0.01,134338999999
1.0,0.75,-0.01,134389000000
1.0,0.75,-0.01,134438999999
1.0,0.75,-0.01,134489000000
1.0,0.75,-0.01,134538999999
1.0,0.75,-0.01,134588999999
1.0,0.75,-0.01,134639000000
1.0,0.75,-0.01,134688999999
1.0,0.75,-0.01,134739000000
1.0,0.75,-0.01,134788999999
1.0,0.75,-0.01,134838999999
0.0,0.75,-0.01,134889000000
0.0,0.75,-0.01,134938999999
0.0,0.75,-0.01,134989000000
0.0,0.75,-0.01,135038999999
0.0,0.75,-0.01,135088999999
-1.0,0.75,-0.01,135139000000
-1.0,0.75,-0.01,135188999999
-1.0,0.75,-0.01,135239000000
-1.0,0.75,-0.01,135288999999
-1.0,0.75,-0.01,135338999999
-1.0,0.75,-0.01,135389000000
-1.0,0.75,-0.01,135438999999
-1.0,0.75,-0.01,135489000000
-1.0,0.75,-0.01,135538999999
-1.0,0.75,-0.01,135588999999
-1.0,0.75,-0.01,135639000000
-1.0,0.75,-0.01,135688999999
-1.0,0.75,-0.01,135739000000
-1.0,0.75,-0.01,135788999999
-1.0,0.0,-0.01,135838999999
0.0,0.0,-0.01,135889000000
1.0,0.0,-0.01,135938999999
1.0,0.0,-0.01,135989000000
1.0,0.0,-0.01,136038999999
1.0,0.0,-0.01,136088999999
1.0,0.0,-0.01,136139000000
1.0,0.0,-0.01,136188999999
1.0,0.0,-0.01,136239000000
1.0,0.0,-0.01,136288999999
1.0,0.0,-0.01,136338999999
1.0,0.0,-0.01,136389000000
1.0,0.0,-0.01,136438999999
1.0,0.0,-0.01,136489000000
1.0,0.0,-0.01,136538999999
1.0,0.0,-0.01,136588999999
1.0,0.0,-0.01,136639000000
1.0,0.0,-0.01,136688999999
1.0,0.0,-0.01,136739000000
1.0,0.0,-0.01,136788999999
1.0,0.0,-0.01,136838999999
1.0,0.0,-0.01,136889000000
1.0,0.0,-0.01,136938999999
1.0,0.0,-0.01,136989000000
1.0,0.0,-0.01,137038999999
1.0,0.0,-0.01,137088999999
1.0,0.0,-0.01,137139000000
0.0,0.0,-0.01,137188999999
0.0,0.0,-0.01,137239000000
0.0,0.0,-0.01,137288999999
0.0,0.0,-0.01,137338999999
0.0,0.0,-0.01,137389000000
0.0,0.0,-0.01,137438999999
-1.0,0.0,-0.01,137489000000
-1.0,0.0,-0.01,137538999999
-1.0,0.0,-0.01,137588999999
-1.0,0.0,-0.01,137639000000
-1.0,0.0,-0.01,137688999999
-1.0,0.0,-0.01,137739000000
-1.0,0.0,-0.01,137788999999
-1.0,0.0,-0.01,137838999999
-1.0,0.0,-0.01,137889000000
-1.0,0.0,-0.01,137938999999
-1.0,0.0,-0.01,137989000000
-1.0,0.0,-0.01,138038999999
-1.0,0.0,-0.01,138088999999
-1.0,0.0,-0.01,138139000000
0.0,0.0,-0.01,138188999999
0.0,0.0,-0.01,138239000000
0.0,0.0,-0.01,138288999999
0.0,0.0,-0.01,138338999999
0.0,0.0,-0.01,138389000000
0.0,0.0,-0.01,138438999999
0.0,0.0,-0.01,138489000000
0.0,0.0,-0.01,138538999999
0.0,0.0,-0.01,138588999999
0.0,0.0,-0.01,138639000000
-1.0,0.0,-0.01,138688999999
-1.0,0.0,-0.01,138739000000
-1.0,0.0,-0.01,138788999999
-1.0,0.0,-0.01,138838999999
-1.0,0.0,-0.01,138889000000
-1.0,0.0,-0.01,138938999999
-1.0,0.0,0.0,138989000000
-1.0,0.0,0.0,139038999999
-1.0,0.0,0.0,139088999999
-1.0,0.0,0.0,139139000000
-1.0,0.0,0.0,139188999999
-1.0,0.0,0.0,139239000000
-1.0,0.0,0.0,139288999999
-1.0,0.0,0.0,139338999999
-1.0,0.0,0.0,139389000000
0.0,0.0,0.0,139438999999
0.0,0.0,-0.01,139489000000
0.0,0.0,-0.01,139538999999
0.0,0.0,-0.01,139588999999
0.0,0.0,-0.01,139639000000
1.0,0.0,-0.01,139688999999
1.0,0.0,-0.01,139739000000
1.0,0.0,-0.01,139788999999
1.0,0.0,-0.01,139838999999
1.0,0.0,-0.01,139889000000
1.0,0.0,-0.01,139938999999
1.0,0.0,-0.01,139989000000
1.0,0.0,-0.01,140038999999
1.0,0.0,-0.01,140088999999
1.0,0.0,-0.01,140139000000
1.0,0.0,-0.01,140188999999
1.0,0.0,-0.01,140239000000
1.0,0.0,-0.01,140288999999
1.0,0.0,-0.01,140338999999
1.0,0.0,-0.01,140389000000
0.0,0.0,-0.01,140438999999
0.0,0.0,-0.01,140489000000
0.0,0.0,-0.01,140538999999
0.0,0.0,-0.01,140588999999
0.0,0.0,-0.01,140639000000
0.0,0.0,-0.01,140688999999
0.0,0.0,-0.01,140739000000
0.0,0.0,0.0,140788999999
0.0,0.0,0.0,140838999999
0.0,0.0,0.0,140889000000
0.0,0.0,0.0,140938999999
0.0,0.0,0.0,140989000000
0.0,0.0,0.0,141038999999
0.0,0.0,0.0,141088999999
0.0,0.0,0.0,141139000000
0.0,0.0,0.0,141188999999
0.0,0.0,0.0,141239000000
0.0,0.0,0.0,141288999999
0.0,0.0,0.0,141338999999
0.0,0.0,0.0,141389000000
0.0,0.0,0.0,141438999999
0.0,0.0,0.0,141489000000
0.0,0.0,0.0,141538999999
0.0,0.0,0.0,141588999999
0.0,0.0,0.0,141639000000
0.0,0.0,0.0,141688999999
0.0,0.0,0.0,141739000000
0.0,0.0,0.0,141788999999
0.0,0.0,0.0,141838999999
0.0,0.0,0.0,141889000000
0.0,0.0,0.0,141938999999
0.0,0.0,0.0,141989000000
0.0,0.0,0.0,142038999999
0.0,0.0,0.0,142088999999
0.0,0.0,0.0,142139000000
0.0,0.0,0.0,142188999999
0.0,0.0,0.0,142239000000
0.0,0.0,0.0,142288999999
0.0,0.0,-0.01,142338999999
0.0,0.0,-0.01,142389000000
0.0,0.0,-0.01,142438999999
0.0,0.0,-0.01,142489000000
0.0,0.0,-0.01,142538999999
0.0,0.0,-0.01,142588999999
0.0,0.0,-0.01,142639000000
0.0,0.0,-0.01,142688999999
0.0,0.0,-0.01,142739000000
0.0,0.0,-0.01,142788999999
0.0,0.0,-0.01,142838999999
0.0,0.0,-0.01,142889000000
0.0,0.0,-0.01,142938999999
0.0,0.0,-0.01,142989000000
0.0,0.0,-0.01,143038999999
0.0,0.0,-0.01,143088999999
0.0,0.0,-0.01,143139000000
0.0,0.0,-0.01,143188999999
0.0,0.0,-0.01,143239000000
0.0,0.0,-0.01,143288999999
0.0,0.0,-0.01,143338999999
0.0,0.0,-0.01,143389000000
0.0,0.0,-0.01,143438999999
0.0,0.0,-0.01,143489000000
0.0,0.0,-0.01,143538999999
0.0,0.0,-0.01,143588999999
0.0,0.0,-0.01,143639000000
0.0,0.0,-0.01,143688999999
0.0,0.0,-0.01,143739000000
0.0,0.0,-0.01,143788999999
0.0,0.0,-0.01,143838999999
0.0,0.0,-0.01,143889000000
0.0,0.0,-0.01,143938999999
0.0,0.0,-0.01,143989000000
0.0,0.0,-0.01,144038999999
0.0,0.0,-0.01,144088999999
0.0,0.0,-0.01,144139000000
0.0,0.0,-0.01,144188999999
0.0,0.0,-0.01,144239000000
0.0,0.0,-0.01,144288999999
0.0,0.0,-0.01,144338999999
0.0,0.0,0.0,144389000000
0.0,0.0,0.0,144438999999
0.0,0.0,0.0,144489000000
0.0,0.0,0.0,144538999999
0.0,0.0,0.0,144588999999
0.0,0.0,0.0,144639000000
0.0,0.0,0.0,144688999999
0.0,0.0,0.0,144739000000
0.0,0.0,0.0,144788999999
0.0,0.0,-0.01,144838999999
0.0,0.0,-0.01,144889000000
0.0,0.0,-0.01,144938999999
0.0,0.0,-0.01,144989000000
0.0,0.0,-0.01,145038999999
0.0,0.0,-0.01,145088999999
0.0,0.0,-0.01,145139000000
0.0,0.0,-0.01,145188999999
0.0,0.0,-0.01,145239000000
0.0,0.0,-0.01,145288999999
0.0,0.0,-0.01,145338999999
0.0,0.0,-0.01,145389000000
0.0,0.0,-0.01,145438999999
0.0,0.0,-0.01,145489000000
0.0,0.0,-0.01,145538999999
0.0,0.0,-0.01,145588999999
0.0,0.0,-0.01,145639000000
0.0,0.0,-0.01,145688999999
0.0,0.0,-0.01,145739000000
0.0,0.0,-0.01,145788999999
0.0,0.0,-0.01,145838999999
0.0,0.0,-0.01,145889000000
0.0,0.0,-0.01,145938999999
0.0,0.0,-0.01,145989000000
0.0,0.0,-0.01,146038999999
0.0,0.0,-0.01,146088999999
0.0,0.0,0.0,146139000000
0.0,0.0,0.0,146188999999
0.0,0.0,0.0,146239000000
0.0,0.0,0.0,146288999999
0.0,0.0,0.0,146338999999
0.0,0.0,0.0,146389000000
0.0,0.0,0.0,146438999999
0.0,0.0,0.0,146489000000
0.0,0.0,0.0,146538999999
0.0,0.0,0.0,146588999999
0.0,0.0,0.0,146639000000
0.0,0.0,0.0,146688999999
0.0,0.0,0.0,146739000000
0.0,0.0,0.0,146788999999
0.0,0.0,0.0,146838999999
0.0,0.0,0.0,146889000000
0.0,0.0,0.0,146938999999
0.0,0.0,0.0,146989000000
0.0,0.0,0.0,147038999999
0.0,0.0,0.0,147088999999
0.0,0.0,0.0,147139000000
0.0,0.0,0.0,147188999999
0.0,0.0,0.0,147239000000
0.0,0.0,0.0,147288999999
0.0,0.0,0.0,147338999999
0.0,0.0,0.0,147389000000
0.0,0.0,0.0,147438999999
0.0,0.0,0.0,147489000000
0.0,0.0,0.0,147538999999
0.0,0.0,0.0,147588999999
0.0,0.0,0.0,147639000000
0.0,0.0,0.0,147688999999
0.0,0.0,0.0,147739000000
0.0,0.0,0.0,147788999999
0.0,0.0,0.0,147838999999
0.0,0.0,0.0,147889000000
0.0,0.0,0.0,147938999999
0.0,0.0,0.0,147989000000
0.0,0.0,0.0,148038999999
0.0,0.0,0.0,148088999999
0.0,0.0,0.0,148139000000
0.0,0.0,0.0,148188999999
0.0,0.0,0.0,148239000000
0.0,0.0,0.0,148288999999
0.0,0.0,0.0,148338999999
0.0,0.0,0.0,148389000000
0.0,0.0,0.0,148438999999
0.0,0.0,0.0,148489000000
0.0,0.0,0.0,148538999999
0.0,0.0,0.0,148588999999
0.0,0.0,0.0,148639000000
0.0,0.0,0.0,148688999999
0.0,0.0,0.0,148739000000
0.0,0.0,0.0,148788999999
0.0,0.0,0.0,148838999999
0.0,0.0,0.0,148889000000
0.0,0.0,0.0,148938999999
0.0,0.0,0.0,148989000000
0.0,0.0,0.0,149038999999
0.0,0.0,0.0,149088999999
0.0,0.0,0.0,149139000000
0.0,0.0,0.0,149188999999
0.0,0.0,0.0,149239000000
0.0,0.0,0.0,149288999999
0.0,0.0,0.0,149338999999
0.0,0.0,0.0,149389000000
0.0,0.0,0.0,149438999999
0.0,0.0,0.0,149489000000
0.0,0.0,0.0,149538999999
0.0,0.0,0.0,149588999999
0.0,0.0,0.0,149639000000
0.0,0.0,0.0,149688999999
0.0,0.0,0.0,149739000000
0.0,0.0,0.0,149788999999
0.0,0.0,0.0,149838999999
0.0,0.0,0.0,149889000000
0.0,0.0,0.0,149938999999
0.0,0.0,0.0,149989000000
0.0,0.0,0.0,150038999999
0.0,0.0,0.0,150088999999
0.0,0.0,0.0,150139000000
0.0,0.0,0.0,150188999999
0.0,0.0,0.0,150239000000
0.0,0.0,0.0,150288999999
0.0,0.0,0.0,150338999999
0.0,0.0,0.0,150389000000
0.0,0.0,0.0,150438999999
0.0,0.0,0.0,150489000000
0.0,0.0,0.0,150538999999
